Duty No,Sign On Time,Sign On Loc,Sign Off Loc,Sign Off Time,Driving Hrs,Duty Hrs,Same Jurisdiction,Rake Num,Start Stn,Start Time,End Stn,End Time,Service Duration,Break,StepBack Rake
0,05:15,MKPD,MKPD,12:53,05:14,07:38,Yes,701,MKPD,05:40,PVGW DN,06:15,35,0,No StepBack
,,,,,,,,701,PVGW DN,06:15,KKDA DN,07:22,67,0,No StepBack
,,,,,,,,701,KKDA DN,07:22,KKDA UP,08:04,42,47,724
,,,,,,,,713,KKDA DN,08:51,KKDA UP,09:29,38,52,728
,,,,,,,,706,KKDA DN,10:21,KKDA UP,10:58,37,0,741
,,,,,,,,741,KKDA UP,10:58,PVGW UP,12:00,62,0,No StepBack
,,,,,,,,741,PVGW UP,12:00,MKPD,12:33,33,0,No StepBack
,,,,,,,,,,,,,,,
1,05:15,VND,KKDA UP,13:12,05:41,07:57,Yes,702,VND,05:40,KKDA DN,06:08,28,0,No StepBack
,,,,,,,,702,KKDA DN,06:08,KKDA UP,06:48,40,0,702
,,,,,,,,702,KKDA UP,06:48,PVGW UP,07:54,66,0,No StepBack
,,,,,,,,702,PVGW UP,07:54,PVGW DN,08:28,34,33,No StepBack
,,,,,,,,701,PVGW UP,09:01,PVGW DN,09:35,34,0,No StepBack
,,,,,,,,701,PVGW DN,09:35,KKDA DN,10:37,62,0,No StepBack
,,,,,,,,701,KKDA DN,10:37,KKDA UP,11:14,37,68,724
,,,,,,,,731,KKDA DN,12:22,KKDA UP,13:02,40,0,704
,,,,,,,,,,,,,,,
2,05:15,VND,VND,12:39,05:18,07:24,Yes,703,VND,05:40,PVGW UP,06:58,78,0,No StepBack
,,,,,,,,703,PVGW UP,06:58,PVGW DN,07:43,45,31,No StepBack
,,,,,,,,718,PVGW UP,08:14,PVGW DN,08:48,34,0,No StepBack
,,,,,,,,718,PVGW DN,08:48,KKDA DN,09:50,62,0,No StepBack
,,,,,,,,718,KKDA DN,09:50,KKDA UP,10:25,35,50,738
,,,,,,,,720,KKDA DN,11:15,KKDA UP,11:51,36,0,732
,,,,,,,,732,KKDA UP,11:51,IPE,11:59,8,0,No StepBack
,,,,,,,,732,IPE,11:59,VND,12:19,20,0,No StepBack
,,,,,,,,,,,,,,,
3,05:20,IPE,KKDA DN,13:16,05:34,07:56,Yes,709,IPE,05:45,PVGW UP,06:56,71,47,No StepBack
,,,,,,,,704,PVGW UP,07:43,PVGW DN,08:18,35,0,No StepBack
,,,,,,,,704,PVGW DN,08:18,KKDA DN,09:20,62,60,No StepBack
,,,,,,,,718,KKDA UP,10:20,PVGW UP,11:22,62,0,No StepBack
,,,,,,,,718,PVGW UP,11:22,PVGW DN,11:59,37,0,No StepBack
,,,,,,,,718,PVGW DN,11:59,KKDA DN,13:06,67,0,No StepBack
,,,,,,,,,,,,,,,
4,05:20,SAKP,PVGW UP,13:18,05:42,07:58,Yes,711,SAKP,05:45,KKDA DN,06:59,74,0,No StepBack
,,,,,,,,711,KKDA DN,06:59,KKDA UP,07:45,46,39,706
,,,,,,,,719,KKDA UP,08:24,PVGW UP,09:26,62,0,No StepBack
,,,,,,,,719,PVGW UP,09:26,PVGW DN,09:58,32,0,No StepBack
,,,,,,,,719,PVGW DN,09:58,KKDA DN,11:00,62,62,No StepBack
,,,,,,,,721,KKDA UP,12:02,PVGW UP,13:08,66,0,No StepBack
,,,,,,,,,,,,,,,
5,05:23,VND,VND,13:10,05:31,07:47,Yes,710,VND,05:48,KKDA DN,06:15,27,0,No StepBack
,,,,,,,,710,KKDA DN,06:15,KKDA UP,06:58,43,0,712
,,,,,,,,712,KKDA UP,06:58,PVGW UP,08:04,66,35,No StepBack
,,,,,,,,711,PVGW UP,08:39,PVGW DN,09:11,32,0,No StepBack
,,,,,,,,711,PVGW DN,09:11,KKDA DN,10:13,62,0,No StepBack
,,,,,,,,711,KKDA DN,10:13,KKDA UP,10:49,36,56,740
,,,,,,,,723,KKDA DN,11:45,KKDA UP,12:22,37,0,709
,,,,,,,,709,KKDA UP,12:22,IPE,12:30,8,0,No StepBack
,,,,,,,,709,IPE,12:30,VND,12:50,20,0,No StepBack
,,,,,,,,,,,,,,,
6,05:25,MKPR,MKPD,12:30,04:47,07:05,Yes,706,MKPR,05:50,PVGW DN,06:03,13,0,No StepBack
,,,,,,,,706,PVGW DN,06:03,KKDA DN,07:09,66,0,No StepBack
,,,,,,,,706,KKDA DN,07:09,KKDA UP,07:52,43,34,726
,,,,,,,,735,KKDA DN,08:26,KKDA UP,09:04,38,0,717
,,,,,,,,717,KKDA UP,09:04,PVGW UP,10:06,62,0,No StepBack
,,,,,,,,717,PVGW UP,10:06,PVGW DN,10:38,32,59,No StepBack
,,,,,,,,739,PVGW UP,11:37,MKPD,12:10,33,0,No StepBack
,,,,,,,,,,,,,,,
7,05:30,VND,VND,12:10,04:24,06:40,Yes,712,VND,05:55,KKDA DN,06:22,27,0,No StepBack
,,,,,,,,712,KKDA DN,06:22,KKDA UP,07:08,46,0,718
,,,,,,,,718,KKDA UP,07:08,PVGW UP,08:14,66,53,No StepBack
,,,,,,,,705,PVGW DN,09:07,KKDA DN,10:09,62,0,No StepBack
,,,,,,,,705,KKDA DN,10:09,KKDA UP,10:45,36,38,711
,,,,,,,,725,KKDA UP,11:23,IPE,11:30,7,0,No StepBack
,,,,,,,,725,IPE,11:30,VND,11:50,20,0,No StepBack
,,,,,,,,,,,,,,,
8,05:30,VND,KKDA UP,13:25,05:41,07:55,Yes,713,VND,05:55,PVGW UP,07:13,78,0,No StepBack
,,,,,,,,713,PVGW UP,07:13,PVGW DN,07:49,36,0,No StepBack
,,,,,,,,713,PVGW DN,07:49,KKDA DN,08:51,62,69,No StepBack
,,,,,,,,702,KKDA UP,10:00,PVGW UP,11:02,62,30,No StepBack
,,,,,,,,733,PVGW DN,11:32,KKDA DN,12:34,62,0,No StepBack
,,,,,,,,733,KKDA DN,12:34,KKDA UP,13:15,41,0,702
,,,,,,,,,,,,,,,
9,05:35,MUPR,KKDA DN,13:35,06:05,08:00,Yes,704,MUPR,06:00,MUPR,06:21,21,0,No StepBack
,,,,,,,,704,MUPR,06:21,KKDA UP,06:36,15,0,No StepBack
,,,,,,,,704,KKDA UP,06:36,PVGW UP,07:43,67,30,No StepBack
,,,,,,,,731,PVGW DN,08:13,KKDA DN,09:15,62,0,No StepBack
,,,,,,,,731,KKDA DN,09:15,KKDA UP,09:50,35,50,704
,,,,,,,,705,KKDA UP,10:40,PVGW UP,11:42,62,0,No StepBack
,,,,,,,,705,PVGW UP,11:42,PVGW DN,12:18,36,0,No StepBack
,,,,,,,,705,PVGW DN,12:18,KKDA DN,13:25,67,0,No StepBack
,,,,,,,,,,,,,,,
10,05:35,DDSC,PVGW DN,13:35,05:49,08:00,Yes,705,DDSC,06:00,KKDA DN,06:52,52,60,No StepBack
,,,,,,,,726,KKDA UP,07:52,PVGW UP,08:54,62,0,No StepBack
,,,,,,,,726,PVGW UP,08:54,PVGW DN,09:27,33,0,No StepBack
,,,,,,,,726,PVGW DN,09:27,KKDA DN,10:29,62,36,No StepBack
,,,,,,,,729,KKDA DN,11:05,KKDA UP,11:44,39,0,730
,,,,,,,,730,KKDA UP,11:44,PVGW UP,12:50,66,0,No StepBack
,,,,,,,,730,PVGW UP,12:50,PVGW DN,13:25,35,0,No StepBack
,,,,,,,,,,,,,,,
11,05:35,SVVR,KKDA UP,13:31,05:52,07:56,Yes,707,SVVR,06:00,MUPR,06:08,8,0,No StepBack
,,,,,,,,707,MUPR,06:08,KKDA UP,06:23,15,0,No StepBack
,,,,,,,,707,KKDA UP,06:23,PVGW UP,07:29,66,32,No StepBack
,,,,,,,,708,PVGW DN,08:01,KKDA DN,09:03,62,0,No StepBack
,,,,,,,,708,KKDA DN,09:03,KKDA UP,09:39,36,0,707
,,,,,,,,707,KKDA UP,09:39,PVGW UP,10:41,62,57,No StepBack
,,,,,,,,702,PVGW DN,11:38,KKDA DN,12:40,62,0,No StepBack
,,,,,,,,702,KKDA DN,12:40,KKDA UP,13:21,41,0,736
,,,,,,,,,,,,,,,
12,05:35,MUPR,KKDA DN,13:29,05:48,07:54,Yes,708,MUPR,06:00,KKDA UP,06:18,18,0,No StepBack
,,,,,,,,708,KKDA UP,06:18,PVGW UP,07:25,67,0,No StepBack
,,,,,,,,708,PVGW UP,07:25,PVGW DN,08:01,36,57,No StepBack
,,,,,,,,715,PVGW DN,08:58,KKDA DN,10:00,62,0,No StepBack
,,,,,,,,715,KKDA DN,10:00,KKDA UP,10:35,35,0,739
,,,,,,,,739,KKDA UP,10:35,PVGW UP,11:37,62,34,No StepBack
,,,,,,,,715,PVGW DN,12:11,KKDA DN,13:19,68,0,No StepBack
,,,,,,,,,,,,,,,
13,05:40,VND,KKDA UP,12:48,05:09,07:08,Yes,718,VND,06:05,KKDA DN,06:32,27,0,No StepBack
,,,,,,,,718,KKDA DN,06:32,KKDA UP,07:18,46,0,715
,,,,,,,,715,KKDA UP,07:18,PVGW UP,08:24,66,0,No StepBack
,,,,,,,,715,PVGW UP,08:24,PVGW DN,08:58,34,33,No StepBack
,,,,,,,,742,PVGW DN,09:31,KKDA DN,10:33,62,0,No StepBack
,,,,,,,,742,KKDA DN,10:33,KKDA UP,11:09,36,51,701
,,,,,,,,713,KKDA DN,12:00,KKDA UP,12:38,38,0,728
,,,,,,,,,,,,,,,
14,05:45,MKPD,PVGW DN,13:23,05:06,07:38,Yes,719,MKPD,06:10,PVGW DN,06:45,35,0,No StepBack
,,,,,,,,719,PVGW DN,06:45,KKDA DN,07:52,67,30,No StepBack
,,,,,,,,721,KKDA DN,08:22,KKDA UP,08:59,37,0,735
,,,,,,,,735,KKDA UP,08:59,PVGW UP,10:01,62,0,No StepBack
,,,,,,,,735,PVGW UP,10:01,PVGW DN,10:33,32,54,No StepBack
,,,,,,,,738,PVGW UP,11:27,PVGW DN,12:05,38,33,No StepBack
,,,,,,,,719,PVGW UP,12:38,PVGW DN,13:13,35,0,No StepBack
,,,,,,,,,,,,,,,
15,05:50,MKPR,PVGW UP,13:36,05:49,07:46,Yes,714,MKPR,06:15,PVGW DN,06:30,15,0,No StepBack
,,,,,,,,714,PVGW DN,06:30,KKDA DN,07:37,67,0,No StepBack
,,,,,,,,714,KKDA DN,07:37,KKDA UP,08:14,37,30,725
,,,,,,,,732,KKDA UP,08:44,PVGW UP,09:46,62,52,No StepBack
,,,,,,,,717,PVGW DN,10:38,KKDA DN,11:40,62,0,No StepBack
,,,,,,,,717,KKDA DN,11:40,KKDA UP,12:20,40,0,723
,,,,,,,,723,KKDA UP,12:20,PVGW UP,13:26,66,0,No StepBack
,,,,,,,,,,,,,,,
16,05:50,MUPR,MUPR,12:54,04:10,07:04,Yes,716,MUPR,06:15,MUPR,06:36,21,4,No StepBack
,,,,,,,,716,MUPR,06:40,MUPR,06:56,16,3,No StepBack
,,,,,,,,716,MUPR,06:59,MUPR,07:14,15,1,No StepBack
,,,,,,,,716,MUPR,07:15,MUPR,07:30,15,1,No StepBack
,,,,,,,,716,MUPR,07:31,MUPR,07:47,16,1,No StepBack
,,,,,,,,716,MUPR,07:48,MUPR,08:03,15,1,No StepBack
,,,,,,,,716,MUPR,08:04,MUPR,08:20,16,1,No StepBack
,,,,,,,,716,MUPR,08:21,MUPR,08:36,15,1,No StepBack
,,,,,,,,716,MUPR,08:37,MUPR,08:53,16,1,No StepBack
,,,,,,,,716,MUPR,08:54,MUPR,09:09,15,111,No StepBack
,,,,,,,,710,MUPR,11:00,MUPR,11:18,18,1,No StepBack
,,,,,,,,710,MUPR,11:19,MUPR,11:37,18,1,No StepBack
,,,,,,,,710,MUPR,11:38,MUPR,11:56,18,1,No StepBack
,,,,,,,,710,MUPR,11:57,MUPR,12:15,18,1,No StepBack
,,,,,,,,710,MUPR,12:16,MUPR,12:34,18,0,No StepBack
,,,,,,,,,,,,,,,
17,05:50,NZM,KKDA UP,13:37,05:41,07:47,Yes,715,NZM,06:15,KKDA DN,06:42,27,0,No StepBack
,,,,,,,,715,KKDA DN,06:42,KKDA UP,07:28,46,0,705
,,,,,,,,705,KKDA UP,07:28,PVGW UP,08:34,66,0,No StepBack
,,,,,,,,705,PVGW UP,08:34,PVGW DN,09:07,33,39,No StepBack
,,,,,,,,732,PVGW UP,09:46,PVGW DN,10:18,32,0,No StepBack
,,,,,,,,732,PVGW DN,10:18,KKDA DN,11:20,62,0,No StepBack
,,,,,,,,732,KKDA DN,11:20,KKDA UP,11:56,36,52,734
,,,,,,,,736,KKDA DN,12:48,KKDA UP,13:27,39,0,712
,,,,,,,,,,,,,,,
18,05:55,DDSC,MKPD,12:40,04:24,06:45,Yes,717,DDSC,06:20,PVGW UP,06:41,21,0,No StepBack
,,,,,,,,717,PVGW UP,06:41,PVGW DN,07:22,41,0,No StepBack
,,,,,,,,717,PVGW DN,07:22,KKDA DN,08:29,67,0,No StepBack
,,,,,,,,717,KKDA DN,08:29,KKDA UP,09:09,40,96,723
,,,,,,,,711,KKDA UP,10:45,PVGW UP,11:47,62,0,No StepBack
,,,,,,,,711,PVGW UP,11:47,MKPD,12:20,33,0,No StepBack
,,,,,,,,,,,,,,,
19,06:00,MKPD,PVGW UP,14:00,06:01,08:00,Yes,720,MKPD,06:25,PVGW DN,07:00,35,0,No StepBack
,,,,,,,,720,PVGW DN,07:00,KKDA DN,08:07,67,0,No StepBack
,,,,,,,,720,KKDA DN,08:07,KKDA UP,08:44,37,30,732
,,,,,,,,709,KKDA UP,09:14,PVGW UP,10:16,62,0,No StepBack
,,,,,,,,709,PVGW UP,10:16,PVGW DN,10:48,32,0,No StepBack
,,,,,,,,709,PVGW DN,10:48,KKDA DN,11:50,62,54,No StepBack
,,,,,,,,708,KKDA UP,12:44,PVGW UP,13:50,66,0,No StepBack
,,,,,,,,,,,,,,,
20,06:05,MUPR,MUPR,13:38,04:33,07:33,Yes,710,MUPR,06:30,MUPR,06:46,16,4,No StepBack
,,,,,,,,710,MUPR,06:50,MUPR,07:06,16,1,No StepBack
,,,,,,,,710,MUPR,07:07,MUPR,07:22,15,1,No StepBack
,,,,,,,,710,MUPR,07:23,MUPR,07:38,15,4,No StepBack
,,,,,,,,710,MUPR,07:42,MUPR,07:58,16,1,No StepBack
,,,,,,,,710,MUPR,07:59,MUPR,08:14,15,1,No StepBack
,,,,,,,,710,MUPR,08:15,MUPR,08:31,16,1,No StepBack
,,,,,,,,710,MUPR,08:32,MUPR,08:47,15,1,No StepBack
,,,,,,,,710,MUPR,08:48,MUPR,09:04,16,1,No StepBack
,,,,,,,,710,MUPR,09:05,MUPR,09:20,15,78,No StepBack
,,,,,,,,722,MUPR,10:38,MUPR,10:54,16,1,No StepBack
,,,,,,,,722,MUPR,10:55,MUPR,11:10,15,3,No StepBack
,,,,,,,,722,MUPR,11:13,MUPR,11:31,18,1,No StepBack
,,,,,,,,722,MUPR,11:32,MUPR,11:50,18,33,No StepBack
,,,,,,,,716,MUPR,12:23,MUPR,12:40,17,2,No StepBack
,,,,,,,,716,MUPR,12:42,MUPR,12:59,17,2,No StepBack
,,,,,,,,716,MUPR,13:01,MUPR,13:18,17,0,No StepBack
,,,,,,,,,,,,,,,
21,06:15,MKPD,PVGW UP,13:53,05:23,07:38,Yes,721,MKPD,06:40,PVGW DN,07:15,35,0,No StepBack
,,,,,,,,721,PVGW DN,07:15,KKDA DN,08:22,67,47,No StepBack
,,,,,,,,723,KKDA UP,09:09,PVGW UP,10:11,62,0,No StepBack
,,,,,,,,723,PVGW UP,10:11,PVGW DN,10:43,32,0,No StepBack
,,,,,,,,723,PVGW DN,10:43,KKDA DN,11:45,62,53,No StepBack
,,,,,,,,728,KKDA UP,12:38,PVGW UP,13:43,65,0,No StepBack
,,,,,,,,,,,,,,,
22,06:37,KKDA DN,KKDA DN,14:12,05:34,07:35,Yes,705,KKDA DN,06:52,KKDA UP,07:37,45,0,711
,,,,,,,,711,KKDA UP,07:37,PVGW UP,08:39,62,44,No StepBack
,,,,,,,,741,PVGW DN,09:23,KKDA DN,10:25,62,0,No StepBack
,,,,,,,,741,KKDA DN,10:25,KKDA UP,11:01,36,0,726
,,,,,,,,726,KKDA UP,11:01,PVGW UP,12:03,62,52,No StepBack
,,,,,,,,724,PVGW DN,12:55,KKDA DN,14:02,67,0,No StepBack
,,,,,,,,,,,,,,,
23,06:29,VND,KKDA UP,14:14,04:56,07:45,Yes,722,VND,06:54,KKDA DN,07:21,27,0,No StepBack
,,,,,,,,722,KKDA DN,07:21,KKDA UP,07:59,38,0,701
,,,,,,,,701,KKDA UP,07:59,PVGW UP,09:01,62,35,No StepBack
,,,,,,,,730,PVGW UP,09:36,PVGW DN,10:08,32,0,No StepBack
,,,,,,,,730,PVGW DN,10:08,KKDA DN,11:10,62,40,No StepBack
,,,,,,,,709,KKDA DN,11:50,KKDA UP,12:26,36,59,703
,,,,,,,,705,KKDA DN,13:25,KKDA UP,14:04,39,0,740
,,,,,,,,,,,,,,,
24,06:30,MKPD,PVGW UP,14:30,06:01,08:00,Yes,723,MKPD,06:55,PVGW DN,07:30,35,0,No StepBack
,,,,,,,,723,PVGW DN,07:30,KKDA DN,08:37,67,0,No StepBack
,,,,,,,,723,KKDA DN,08:37,KKDA UP,09:14,37,31,709
,,,,,,,,731,KKDA UP,09:45,PVGW UP,10:47,62,0,No StepBack
,,,,,,,,731,PVGW UP,10:47,PVGW DN,11:20,33,0,No StepBack
,,,,,,,,731,PVGW DN,11:20,KKDA DN,12:22,62,53,No StepBack
,,,,,,,,702,KKDA UP,13:15,PVGW UP,14:20,65,0,No StepBack
,,,,,,,,,,,,,,,
25,06:41,PVGW UP,PVGW UP,14:24,05:32,07:43,Yes,709,PVGW UP,06:56,PVGW DN,07:36,40,0,No StepBack
,,,,,,,,709,PVGW DN,07:36,KKDA DN,08:38,62,56,No StepBack
,,,,,,,,708,KKDA UP,09:34,PVGW UP,10:36,62,50,No StepBack
,,,,,,,,704,PVGW DN,11:26,KKDA DN,12:28,62,0,No StepBack
,,,,,,,,704,KKDA DN,12:28,KKDA UP,13:08,40,0,733
,,,,,,,,733,KKDA UP,13:08,PVGW UP,14:14,66,0,No StepBack
,,,,,,,,,,,,,,,
26,06:40,VND,KKDA UP,14:32,05:00,07:52,Yes,724,VND,07:05,KKDA DN,07:32,27,0,No StepBack
,,,,,,,,724,KKDA DN,07:32,KKDA UP,08:09,37,0,714
,,,,,,,,714,KKDA UP,08:09,PVGW UP,09:11,62,90,No StepBack
,,,,,,,,707,PVGW UP,10:41,PVGW DN,11:13,32,0,No StepBack
,,,,,,,,707,PVGW DN,11:13,KKDA DN,12:15,62,0,No StepBack
,,,,,,,,707,KKDA DN,12:15,KKDA UP,12:56,41,47,731
,,,,,,,,726,KKDA DN,13:43,KKDA UP,14:22,39,0,742
,,,,,,,,,,,,,,,
27,06:49,VND,KKDA DN,14:49,05:22,08:00,Yes,725,VND,07:14,KKDA DN,07:41,27,0,No StepBack
,,,,,,,,725,KKDA DN,07:41,KKDA UP,08:19,38,0,727
,,,,,,,,727,KKDA UP,08:19,PVGW UP,09:21,62,42,No StepBack
,,,,,,,,729,PVGW DN,10:03,KKDA DN,11:05,62,51,No StepBack
,,,,,,,,734,KKDA UP,11:56,PVGW UP,13:02,66,30,No StepBack
,,,,,,,,720,PVGW DN,13:32,KKDA DN,14:39,67,0,No StepBack
,,,,,,,,,,,,,,,
28,06:54,VND,KKDA UP,14:39,05:40,07:45,Yes,727,VND,07:19,KKDA DN,07:46,27,0,No StepBack
,,,,,,,,727,KKDA DN,07:46,KKDA UP,08:24,38,56,719
,,,,,,,,704,KKDA DN,09:20,KKDA UP,09:55,35,0,733
,,,,,,,,733,KKDA UP,09:55,PVGW UP,10:57,62,0,No StepBack
,,,,,,,,733,PVGW UP,10:57,PVGW DN,11:32,35,34,No StepBack
,,,,,,,,742,PVGW UP,12:06,PVGW DN,12:42,36,0,No StepBack
,,,,,,,,742,PVGW DN,12:42,KKDA DN,13:49,67,0,No StepBack
,,,,,,,,742,KKDA DN,13:49,KKDA UP,14:29,40,0,701
,,,,,,,,,,,,,,,
29,06:57,MKPD,PVGW UP,14:55,06:01,07:58,Yes,728,MKPD,07:22,PVGW DN,07:55,33,0,No StepBack
,,,,,,,,728,PVGW DN,07:55,KKDA DN,08:57,62,0,No StepBack
,,,,,,,,728,KKDA DN,08:57,KKDA UP,09:34,37,31,708
,,,,,,,,736,KKDA UP,10:05,PVGW UP,11:07,62,0,No StepBack
,,,,,,,,736,PVGW UP,11:07,PVGW DN,11:41,34,0,No StepBack
,,,,,,,,736,PVGW DN,11:41,KKDA DN,12:48,67,51,No StepBack
,,,,,,,,718,KKDA UP,13:39,PVGW UP,14:45,66,0,No StepBack
,,,,,,,,,,,,,,,
30,07:14,PVGW UP,PVGW DN,15:02,05:07,07:48,Yes,707,PVGW UP,07:29,PVGW DN,08:07,38,0,No StepBack
,,,,,,,,707,PVGW DN,08:07,KKDA DN,09:09,62,0,No StepBack
,,,,,,,,707,KKDA DN,09:09,KKDA UP,09:45,36,44,731
,,,,,,,,726,KKDA DN,10:29,KKDA UP,11:04,35,0,742
,,,,,,,,742,KKDA UP,11:04,PVGW UP,12:06,62,62,No StepBack
,,,,,,,,721,PVGW UP,13:08,PVGW DN,13:44,36,30,No StepBack
,,,,,,,,733,PVGW UP,14:14,PVGW DN,14:52,38,0,No StepBack
,,,,,,,,,,,,,,,
31,07:05,VND,KKDA DN,15:01,05:59,07:56,Yes,729,VND,07:30,KKDA DN,07:57,27,0,No StepBack
,,,,,,,,729,KKDA DN,07:57,KKDA UP,08:34,37,0,730
,,,,,,,,730,KKDA UP,08:34,PVGW UP,09:36,62,52,No StepBack
,,,,,,,,721,PVGW DN,10:28,KKDA DN,11:30,62,0,No StepBack
,,,,,,,,721,KKDA DN,11:30,KKDA UP,12:08,38,0,735
,,,,,,,,735,KKDA UP,12:08,PVGW UP,13:14,66,30,No StepBack
,,,,,,,,721,PVGW DN,13:44,KKDA DN,14:51,67,0,No StepBack
,,,,,,,,,,,,,,,
32,07:10,VND,KKDA UP,14:45,04:59,07:35,Yes,730,VND,07:35,KKDA DN,08:02,27,0,No StepBack
,,,,,,,,730,KKDA DN,08:02,KKDA UP,08:39,37,0,720
,,,,,,,,720,KKDA UP,08:39,PVGW UP,09:41,62,0,No StepBack
,,,,,,,,720,PVGW UP,09:41,PVGW DN,10:13,32,55,No StepBack
,,,,,,,,708,PVGW DN,11:08,KKDA DN,12:10,62,0,No StepBack
,,,,,,,,708,KKDA DN,12:10,KKDA UP,12:50,40,66,707
,,,,,,,,701,KKDA DN,13:56,KKDA UP,14:35,39,0,724
,,,,,,,,,,,,,,,
33,07:12,MUPR,MUPR,15:07,05:11,07:55,Yes,722,MUPR,07:37,MUPR,07:52,15,1,No StepBack
,,,,,,,,722,MUPR,07:53,MUPR,08:09,16,1,No StepBack
,,,,,,,,722,MUPR,08:10,MUPR,08:25,15,1,No StepBack
,,,,,,,,722,MUPR,08:26,MUPR,08:42,16,1,No StepBack
,,,,,,,,722,MUPR,08:43,MUPR,08:58,15,1,No StepBack
,,,,,,,,722,MUPR,08:59,MUPR,09:15,16,1,No StepBack
,,,,,,,,722,MUPR,09:16,MUPR,09:31,15,1,No StepBack
,,,,,,,,722,MUPR,09:32,MUPR,09:48,16,1,No StepBack
,,,,,,,,722,MUPR,09:49,MUPR,10:04,15,1,No StepBack
,,,,,,,,722,MUPR,10:05,MUPR,10:21,16,1,No StepBack
,,,,,,,,722,MUPR,10:22,MUPR,10:37,15,49,No StepBack
,,,,,,,,716,MUPR,11:26,MUPR,11:43,17,2,No StepBack
,,,,,,,,716,MUPR,11:45,MUPR,12:02,17,2,No StepBack
,,,,,,,,716,MUPR,12:04,MUPR,12:21,17,52,No StepBack
,,,,,,,,710,MUPR,13:13,MUPR,13:31,18,1,No StepBack
,,,,,,,,710,MUPR,13:32,MUPR,13:50,18,1,No StepBack
,,,,,,,,710,MUPR,13:51,MUPR,14:09,18,1,No StepBack
,,,,,,,,710,MUPR,14:10,MUPR,14:28,18,1,No StepBack
,,,,,,,,710,MUPR,14:29,MUPR,14:47,18,0,No StepBack
,,,,,,,,,,,,,,,
34,07:15,MKPD,PVGW UP,15:14,05:06,07:59,Yes,731,MKPD,07:40,PVGW DN,08:13,33,58,No StepBack
,,,,,,,,714,PVGW UP,09:11,PVGW DN,09:43,32,0,No StepBack
,,,,,,,,714,PVGW DN,09:43,KKDA DN,10:45,62,0,No StepBack
,,,,,,,,714,KKDA DN,10:45,KKDA UP,11:23,38,32,725
,,,,,,,,703,KKDA DN,11:55,KKDA UP,12:31,36,48,713
,,,,,,,,715,KKDA DN,13:19,KKDA UP,13:58,39,0,705
,,,,,,,,705,KKDA UP,13:58,PVGW UP,15:04,66,0,No StepBack
,,,,,,,,,,,,,,,
35,07:28,PVGW DN,PVGW UP,15:07,05:35,07:39,Yes,703,PVGW DN,07:43,KKDA DN,08:45,62,0,No StepBack
,,,,,,,,703,KKDA DN,08:45,KKDA UP,09:24,39,66,713
,,,,,,,,715,KKDA UP,10:30,PVGW UP,11:32,62,33,No StepBack
,,,,,,,,738,PVGW DN,12:05,KKDA DN,13:12,67,0,No StepBack
,,,,,,,,738,KKDA DN,13:12,KKDA UP,13:52,40,0,715
,,,,,,,,715,KKDA UP,13:52,PVGW UP,14:57,65,0,No StepBack
,,,,,,,,,,,,,,,
36,07:20,VND,KKDA UP,15:16,05:39,07:56,Yes,732,VND,07:45,KKDA DN,08:12,27,0,No StepBack
,,,,,,,,732,KKDA DN,08:12,KKDA UP,08:49,37,0,734
,,,,,,,,734,KKDA UP,08:49,PVGW UP,09:51,62,0,No StepBack
,,,,,,,,734,PVGW UP,09:51,PVGW DN,10:23,32,69,No StepBack
,,,,,,,,715,PVGW UP,11:32,PVGW DN,12:11,39,33,No StepBack
,,,,,,,,729,PVGW UP,12:44,PVGW DN,13:19,35,0,No StepBack
,,,,,,,,729,PVGW DN,13:19,KKDA DN,14:26,67,0,No StepBack
,,,,,,,,729,KKDA DN,14:26,KKDA UP,15:06,40,0,730
,,,,,,,,,,,,,,,
37,07:30,KKDA UP,KKDA DN,15:07,05:24,07:37,Yes,706,KKDA UP,07:45,PVGW UP,08:47,62,0,No StepBack
,,,,,,,,706,PVGW UP,08:47,PVGW DN,09:19,32,0,No StepBack
,,,,,,,,706,PVGW DN,09:19,KKDA DN,10:21,62,53,No StepBack
,,,,,,,,724,KKDA UP,11:14,PVGW UP,12:16,62,0,No StepBack
,,,,,,,,724,PVGW UP,12:16,PVGW DN,12:55,39,55,No StepBack
,,,,,,,,735,PVGW DN,13:50,KKDA DN,14:57,67,0,No StepBack
,,,,,,,,,,,,,,,
38,07:25,VND,KKDA DN,14:55,04:58,07:30,Yes,734,VND,07:50,KKDA DN,08:17,27,0,No StepBack
,,,,,,,,734,KKDA DN,08:17,KKDA UP,08:54,37,0,721
,,,,,,,,721,KKDA UP,08:54,PVGW UP,09:56,62,0,No StepBack
,,,,,,,,721,PVGW UP,09:56,PVGW DN,10:28,32,34,No StepBack
,,,,,,,,702,PVGW UP,11:02,PVGW DN,11:38,36,33,No StepBack
,,,,,,,,701,PVGW UP,12:11,PVGW DN,12:48,37,50,No StepBack
,,,,,,,,734,PVGW DN,13:38,KKDA DN,14:45,67,0,No StepBack
,,,,,,,,,,,,,,,
39,07:25,MKPD,PVGW DN,14:56,04:26,07:31,Yes,733,MKPD,07:50,PVGW DN,08:23,33,0,No StepBack
,,,,,,,,733,PVGW DN,08:23,KKDA DN,09:25,62,0,No StepBack
,,,,,,,,733,KKDA DN,09:25,KKDA UP,10:00,35,69,702
,,,,,,,,701,KKDA UP,11:09,PVGW UP,12:11,62,51,No StepBack
,,,,,,,,734,PVGW UP,13:02,PVGW DN,13:38,36,30,No StepBack
,,,,,,,,704,PVGW UP,14:08,PVGW DN,14:46,38,0,No StepBack
,,,,,,,,,,,,,,,
40,07:37,KKDA DN,KKDA UP,15:09,05:02,07:32,Yes,719,KKDA DN,07:52,KKDA UP,08:29,37,0,729
,,,,,,,,729,KKDA UP,08:29,PVGW UP,09:31,62,0,No StepBack
,,,,,,,,729,PVGW UP,09:31,PVGW DN,10:03,32,33,No StepBack
,,,,,,,,708,PVGW UP,10:36,PVGW DN,11:08,32,55,No StepBack
,,,,,,,,726,PVGW UP,12:03,PVGW DN,12:36,33,0,No StepBack
,,,,,,,,726,PVGW DN,12:36,KKDA DN,13:43,67,37,No StepBack
,,,,,,,,719,KKDA DN,14:20,KKDA UP,14:59,39,0,729
,,,,,,,,,,,,,,,
41,07:34,VND,KKDA DN,15:32,05:54,07:58,Yes,735,VND,07:59,KKDA DN,08:26,27,53,No StepBack
,,,,,,,,703,KKDA UP,09:19,PVGW UP,10:21,62,0,No StepBack
,,,,,,,,703,PVGW UP,10:21,PVGW DN,10:53,32,0,No StepBack
,,,,,,,,703,PVGW DN,10:53,KKDA DN,11:55,62,36,No StepBack
,,,,,,,,713,KKDA UP,12:31,PVGW UP,13:37,66,0,No StepBack
,,,,,,,,713,PVGW UP,13:37,PVGW DN,14:15,38,0,No StepBack
,,,,,,,,713,PVGW DN,14:15,KKDA DN,15:22,67,0,No StepBack
,,,,,,,,,,,,,,,
42,07:35,MKPD,PVGW UP,15:20,05:25,07:45,Yes,736,MKPD,08:00,PVGW DN,08:33,33,0,No StepBack
,,,,,,,,736,PVGW DN,08:33,KKDA DN,09:35,62,35,No StepBack
,,,,,,,,712,KKDA UP,10:10,PVGW UP,11:12,62,0,No StepBack
,,,,,,,,712,PVGW UP,11:12,PVGW DN,11:47,35,0,No StepBack
,,,,,,,,712,PVGW DN,11:47,KKDA DN,12:54,67,70,No StepBack
,,,,,,,,740,KKDA UP,14:04,PVGW UP,15:10,66,0,No StepBack
,,,,,,,,,,,,,,,
43,07:49,PVGW UP,PVGW UP,15:38,05:59,07:49,Yes,712,PVGW UP,08:04,PVGW DN,08:38,34,0,No StepBack
,,,,,,,,712,PVGW DN,08:38,KKDA DN,09:40,62,0,No StepBack
,,,,,,,,712,KKDA DN,09:40,KKDA UP,10:15,35,34,737
,,,,,,,,740,KKDA UP,10:49,PVGW UP,11:51,62,0,No StepBack
,,,,,,,,740,PVGW UP,11:51,PVGW DN,12:24,33,0,No StepBack
,,,,,,,,740,PVGW DN,12:24,KKDA DN,13:31,67,51,No StepBack
,,,,,,,,742,KKDA UP,14:22,PVGW UP,15:28,66,0,No StepBack
,,,,,,,,,,,,,,,
44,07:49,KKDA UP,KKDA DN,15:26,05:27,07:37,Yes,724,KKDA UP,08:04,PVGW UP,09:06,62,0,No StepBack
,,,,,,,,724,PVGW UP,09:06,PVGW DN,09:39,33,34,No StepBack
,,,,,,,,720,PVGW DN,10:13,KKDA DN,11:15,62,71,No StepBack
,,,,,,,,703,KKDA UP,12:26,PVGW UP,13:32,66,0,No StepBack
,,,,,,,,703,PVGW UP,13:32,PVGW DN,14:09,37,0,No StepBack
,,,,,,,,703,PVGW DN,14:09,KKDA DN,15:16,67,0,No StepBack
,,,,,,,,,,,,,,,
45,07:45,MKPD,PVGW UP,15:44,05:59,07:59,Yes,737,MKPD,08:10,PVGW DN,08:43,33,0,No StepBack
,,,,,,,,737,PVGW DN,08:43,KKDA DN,09:45,62,0,No StepBack
,,,,,,,,737,KKDA DN,09:45,KKDA UP,10:20,35,33,718
,,,,,,,,706,KKDA UP,10:53,PVGW UP,11:55,62,0,No StepBack
,,,,,,,,706,PVGW UP,11:55,PVGW DN,12:30,35,0,No StepBack
,,,,,,,,706,PVGW DN,12:30,KKDA DN,13:37,67,52,No StepBack
,,,,,,,,701,KKDA UP,14:29,PVGW UP,15:34,65,0,No StepBack
,,,,,,,,,,,,,,,
46,07:59,KKDA UP,KKDA DN,15:38,05:26,07:39,Yes,725,KKDA UP,08:14,PVGW UP,09:16,62,0,No StepBack
,,,,,,,,725,PVGW UP,09:16,PVGW DN,09:48,32,0,No StepBack
,,,,,,,,725,PVGW DN,09:48,KKDA DN,10:50,62,49,No StepBack
,,,,,,,,729,KKDA UP,11:39,PVGW UP,12:44,65,59,No StepBack
,,,,,,,,728,PVGW UP,13:43,PVGW DN,14:21,38,0,No StepBack
,,,,,,,,728,PVGW DN,14:21,KKDA DN,15:28,67,0,No StepBack
,,,,,,,,,,,,,,,
47,07:55,MKPD,PVGW DN,15:26,05:11,07:31,Yes,738,MKPD,08:20,PVGW DN,08:53,33,0,No StepBack
,,,,,,,,738,PVGW DN,08:53,KKDA DN,09:55,62,0,No StepBack
,,,,,,,,738,KKDA DN,09:55,KKDA UP,10:30,35,30,715
,,,,,,,,719,KKDA DN,11:00,KKDA UP,11:39,39,75,729
,,,,,,,,712,KKDA DN,12:54,KKDA UP,13:33,39,0,737
,,,,,,,,737,KKDA UP,13:33,PVGW UP,14:39,66,0,No StepBack
,,,,,,,,737,PVGW UP,14:39,PVGW DN,15:16,37,0,No StepBack
,,,,,,,,,,,,,,,
48,08:13,PVGW DN,PVGW DN,15:40,04:37,07:27,Yes,702,PVGW DN,08:28,KKDA DN,09:30,62,0,No StepBack
,,,,,,,,702,KKDA DN,09:30,KKDA UP,10:05,35,45,736
,,,,,,,,725,KKDA DN,10:50,KKDA UP,11:26,36,100,727
,,,,,,,,718,KKDA DN,13:06,KKDA UP,13:45,39,0,738
,,,,,,,,738,KKDA UP,13:45,PVGW UP,14:51,66,0,No StepBack
,,,,,,,,738,PVGW UP,14:51,PVGW DN,15:30,39,0,No StepBack
,,,,,,,,,,,,,,,
49,08:05,MKPD,PVGW DN,15:20,05:09,07:15,Yes,739,MKPD,08:30,PVGW DN,09:03,33,0,No StepBack
,,,,,,,,739,PVGW DN,09:03,KKDA DN,10:05,62,0,No StepBack
,,,,,,,,739,KKDA DN,10:05,KKDA UP,10:40,35,30,705
,,,,,,,,730,KKDA DN,11:10,KKDA UP,11:49,39,0,720
,,,,,,,,720,KKDA UP,11:49,PVGW UP,12:55,66,0,No StepBack
,,,,,,,,720,PVGW UP,12:55,PVGW DN,13:32,37,61,No StepBack
,,,,,,,,712,PVGW UP,14:33,PVGW DN,15:10,37,0,No StepBack
,,,,,,,,,,,,,,,
50,08:23,KKDA DN,KKDA UP,16:12,05:19,07:49,Yes,709,KKDA DN,08:38,KKDA UP,09:19,41,31,703
,,,,,,,,704,KKDA UP,09:50,PVGW UP,10:52,62,0,No StepBack
,,,,,,,,704,PVGW UP,10:52,PVGW DN,11:26,34,59,No StepBack
,,,,,,,,714,PVGW UP,12:25,PVGW DN,13:01,36,0,No StepBack
,,,,,,,,714,PVGW DN,13:01,KKDA DN,14:08,67,0,No StepBack
,,,,,,,,714,KKDA DN,14:08,KKDA UP,14:47,39,35,727
,,,,,,,,713,KKDA DN,15:22,KKDA UP,16:02,40,0,728
,,,,,,,,,,,,,,,
51,08:17,MKPD,PVGW DN,16:17,05:08,08:00,Yes,740,MKPD,08:42,PVGW DN,09:15,33,0,No StepBack
,,,,,,,,740,PVGW DN,09:15,KKDA DN,10:17,62,0,No StepBack
,,,,,,,,740,KKDA DN,10:17,KKDA UP,10:53,36,33,706
,,,,,,,,727,KKDA UP,11:26,PVGW UP,12:32,66,0,No StepBack
,,,,,,,,727,PVGW UP,12:32,PVGW DN,13:07,35,43,No StepBack
,,,,,,,,708,PVGW UP,13:50,PVGW DN,14:27,37,61,No StepBack
,,,,,,,,742,PVGW UP,15:28,PVGW DN,16:07,39,0,No StepBack
,,,,,,,,,,,,,,,
52,08:25,MKPD,PVGW DN,15:33,04:32,07:08,Yes,741,MKPD,08:50,PVGW DN,09:23,33,30,No StepBack
,,,,,,,,727,PVGW DN,09:53,KKDA DN,10:55,62,0,No StepBack
,,,,,,,,727,KKDA DN,10:55,KKDA UP,11:32,37,0,719
,,,,,,,,719,KKDA UP,11:32,PVGW UP,12:38,66,36,No StepBack
,,,,,,,,735,PVGW UP,13:14,PVGW DN,13:50,36,55,No StepBack
,,,,,,,,718,PVGW UP,14:45,PVGW DN,15:23,38,0,No StepBack
,,,,,,,,,,,,,,,
53,08:33,MKPD,PVGW DN,16:11,04:36,07:38,Yes,742,MKPD,08:58,PVGW DN,09:31,33,52,No StepBack
,,,,,,,,734,PVGW DN,10:23,KKDA DN,11:25,62,0,No StepBack
,,,,,,,,734,KKDA DN,11:25,KKDA UP,12:02,37,58,721
,,,,,,,,737,KKDA DN,13:00,KKDA UP,13:39,39,37,718
,,,,,,,,726,KKDA UP,14:16,PVGW UP,15:22,66,0,No StepBack
,,,,,,,,726,PVGW UP,15:22,PVGW DN,16:01,39,0,No StepBack
,,,,,,,,,,,,,,,
54,08:45,MUPR,MUPR,16:50,05:19,08:05,Yes,716,MUPR,09:10,MUPR,09:26,16,1,No StepBack
,,,,,,,,716,MUPR,09:27,MUPR,09:42,15,1,No StepBack
,,,,,,,,716,MUPR,09:43,MUPR,09:59,16,1,No StepBack
,,,,,,,,716,MUPR,10:00,MUPR,10:15,15,1,No StepBack
,,,,,,,,716,MUPR,10:16,MUPR,10:32,16,1,No StepBack
,,,,,,,,716,MUPR,10:33,MUPR,10:48,15,1,No StepBack
,,,,,,,,716,MUPR,10:49,MUPR,11:05,16,2,No StepBack
,,,,,,,,716,MUPR,11:07,MUPR,11:24,17,71,No StepBack
,,,,,,,,710,MUPR,12:35,MUPR,12:53,18,1,No StepBack
,,,,,,,,710,MUPR,12:54,MUPR,13:12,18,33,No StepBack
,,,,,,,,722,MUPR,13:45,MUPR,14:03,18,1,No StepBack
,,,,,,,,722,MUPR,14:04,MUPR,14:22,18,1,No StepBack
,,,,,,,,722,MUPR,14:23,MUPR,14:41,18,1,No StepBack
,,,,,,,,722,MUPR,14:42,MUPR,15:00,18,1,No StepBack
,,,,,,,,722,MUPR,15:01,MUPR,15:19,18,1,No StepBack
,,,,,,,,722,MUPR,15:20,MUPR,15:38,18,1,No StepBack
,,,,,,,,722,MUPR,15:39,MUPR,15:57,18,1,No StepBack
,,,,,,,,722,MUPR,15:58,MUPR,16:13,15,1,No StepBack
,,,,,,,,722,MUPR,16:14,MUPR,16:30,16,0,No StepBack
,,,,,,,,,,,,,,,
55,08:56,MUPR,MUPR,17:01,05:32,08:05,Yes,710,MUPR,09:21,MUPR,09:37,16,1,No StepBack
,,,,,,,,710,MUPR,09:38,MUPR,09:53,15,1,No StepBack
,,,,,,,,710,MUPR,09:54,MUPR,10:10,16,1,No StepBack
,,,,,,,,710,MUPR,10:11,MUPR,10:26,15,1,No StepBack
,,,,,,,,710,MUPR,10:27,MUPR,10:43,16,1,No StepBack
,,,,,,,,710,MUPR,10:44,MUPR,10:59,15,52,No StepBack
,,,,,,,,722,MUPR,11:51,MUPR,12:09,18,1,No StepBack
,,,,,,,,722,MUPR,12:10,MUPR,12:28,18,1,No StepBack
,,,,,,,,722,MUPR,12:29,MUPR,12:47,18,1,No StepBack
,,,,,,,,722,MUPR,12:48,MUPR,13:06,18,1,No StepBack
,,,,,,,,722,MUPR,13:07,MUPR,13:25,18,1,No StepBack
,,,,,,,,722,MUPR,13:26,MUPR,13:44,18,33,No StepBack
,,,,,,,,716,MUPR,14:17,MUPR,14:34,17,2,No StepBack
,,,,,,,,716,MUPR,14:36,MUPR,14:53,17,2,No StepBack
,,,,,,,,716,MUPR,14:55,MUPR,15:12,17,2,No StepBack
,,,,,,,,716,MUPR,15:14,MUPR,15:31,17,2,No StepBack
,,,,,,,,716,MUPR,15:33,MUPR,15:50,17,2,No StepBack
,,,,,,,,716,MUPR,15:52,MUPR,16:07,15,2,No StepBack
,,,,,,,,716,MUPR,16:09,MUPR,16:24,15,1,No StepBack
,,,,,,,,716,MUPR,16:25,MUPR,16:41,16,0,No StepBack
,,,,,,,,,,,,,,,
56,09:06,PVGW UP,PVGW DN,16:33,04:34,07:27,Yes,727,PVGW UP,09:21,PVGW DN,09:53,32,40,No StepBack
,,,,,,,,735,PVGW DN,10:33,KKDA DN,11:35,62,30,No StepBack
,,,,,,,,728,KKDA DN,12:05,KKDA UP,12:44,39,78,708
,,,,,,,,724,KKDA DN,14:02,KKDA UP,14:41,39,0,714
,,,,,,,,714,KKDA UP,14:41,PVGW UP,15:47,66,0,No StepBack
,,,,,,,,714,PVGW UP,15:47,PVGW DN,16:23,36,0,No StepBack
,,,,,,,,,,,,,,,
57,09:09,KKDA UP,KKDA DN,16:55,06:00,07:46,Yes,713,KKDA UP,09:24,PVGW UP,10:26,62,0,No StepBack
,,,,,,,,713,PVGW UP,10:26,PVGW DN,10:58,32,0,No StepBack
,,,,,,,,713,PVGW DN,10:58,KKDA DN,12:00,62,50,No StepBack
,,,,,,,,707,KKDA UP,12:50,PVGW UP,13:56,66,0,No StepBack
,,,,,,,,707,PVGW UP,13:56,PVGW DN,14:33,37,31,No StepBack
,,,,,,,,705,PVGW UP,15:04,PVGW DN,15:43,39,0,No StepBack
,,,,,,,,705,PVGW DN,15:43,KKDA DN,16:45,62,0,No StepBack
,,,,,,,,,,,,,,,
58,09:14,KKDA UP,KKDA UP,17:03,06:02,07:49,Yes,728,KKDA UP,09:29,PVGW UP,10:31,62,0,No StepBack
,,,,,,,,728,PVGW UP,10:31,PVGW DN,11:03,32,0,No StepBack
,,,,,,,,728,PVGW DN,11:03,KKDA DN,12:05,62,51,No StepBack
,,,,,,,,731,KKDA UP,12:56,PVGW UP,14:02,66,0,No StepBack
,,,,,,,,731,PVGW UP,14:02,PVGW DN,14:39,37,31,No StepBack
,,,,,,,,712,PVGW DN,15:10,KKDA DN,16:17,67,0,No StepBack
,,,,,,,,712,KKDA DN,16:17,KKDA UP,16:53,36,0,737
,,,,,,,,,,,,,,,
59,09:20,KKDA DN,KKDA UP,16:23,04:42,07:03,Yes,736,KKDA DN,09:35,KKDA UP,10:10,35,85,712
,,,,,,,,735,KKDA DN,11:35,KKDA UP,12:14,39,0,717
,,,,,,,,717,KKDA UP,12:14,PVGW UP,13:20,66,0,No StepBack
,,,,,,,,717,PVGW UP,13:20,PVGW DN,13:56,36,31,No StepBack
,,,,,,,,708,PVGW DN,14:27,KKDA DN,15:34,67,0,No StepBack
,,,,,,,,708,KKDA DN,15:34,KKDA UP,16:13,39,0,707
,,,,,,,,,,,,,,,
60,09:24,PVGW DN,PVGW DN,17:03,05:34,07:39,Yes,724,PVGW DN,09:39,KKDA DN,10:41,62,0,No StepBack
,,,,,,,,724,KKDA DN,10:41,KKDA UP,11:20,39,0,714
,,,,,,,,714,KKDA UP,11:20,PVGW UP,12:25,65,42,No StepBack
,,,,,,,,727,PVGW DN,13:07,KKDA DN,14:14,67,58,No StepBack
,,,,,,,,720,KKDA UP,15:12,PVGW UP,16:18,66,0,No StepBack
,,,,,,,,720,PVGW UP,16:18,PVGW DN,16:53,35,0,No StepBack
,,,,,,,,,,,,,,,
61,10:00,KKDA UP,KKDA DN,17:35,05:32,07:35,Yes,737,KKDA UP,10:15,PVGW UP,11:17,62,0,No StepBack
,,,,,,,,737,PVGW UP,11:17,PVGW DN,11:53,36,0,No StepBack
,,,,,,,,737,PVGW DN,11:53,KKDA DN,13:00,67,31,No StepBack
,,,,,,,,740,KKDA DN,13:31,KKDA UP,14:10,39,0,706
,,,,,,,,706,KKDA UP,14:10,PVGW UP,15:16,66,67,No StepBack
,,,,,,,,714,PVGW DN,16:23,KKDA DN,17:25,62,0,No StepBack
,,,,,,,,,,,,,,,
62,10:10,KKDA UP,KKDA DN,17:30,04:55,07:20,Yes,738,KKDA UP,10:25,PVGW UP,11:27,62,81,No StepBack
,,,,,,,,701,PVGW DN,12:48,KKDA DN,13:56,68,39,No StepBack
,,,,,,,,724,KKDA UP,14:35,PVGW UP,15:41,66,0,No StepBack
,,,,,,,,724,PVGW UP,15:41,PVGW DN,16:18,37,0,No StepBack
,,,,,,,,724,PVGW DN,16:18,KKDA DN,17:20,62,0,No StepBack
,,,,,,,,,,,,,,,
63,12:47,KKDA UP,KKDA DN,20:35,05:26,07:48,Yes,704,KKDA UP,13:02,PVGW UP,14:08,66,44,No StepBack
,,,,,,,,733,PVGW DN,14:52,KKDA DN,15:59,67,0,No StepBack
,,,,,,,,733,KKDA DN,15:59,KKDA UP,16:36,37,73,702
,,,,,,,,724,KKDA UP,17:49,PVGW UP,18:51,62,0,No StepBack
,,,,,,,,724,PVGW UP,18:51,PVGW DN,19:23,32,0,No StepBack
,,,,,,,,724,PVGW DN,19:23,KKDA DN,20:25,62,0,No StepBack
,,,,,,,,,,,,,,,
64,12:58,PVGW DN,PVGW UP,20:46,06:03,07:48,Yes,719,PVGW DN,13:13,KKDA DN,14:20,67,50,No StepBack
,,,,,,,,723,KKDA DN,15:10,KKDA UP,15:50,40,0,703
,,,,,,,,703,KKDA UP,15:50,PVGW UP,16:52,62,0,No StepBack
,,,,,,,,703,PVGW UP,16:52,PVGW DN,17:28,36,30,No StepBack
,,,,,,,,704,PVGW DN,17:58,KKDA DN,19:00,62,0,No StepBack
,,,,,,,,704,KKDA DN,19:00,KKDA UP,19:34,34,0,744
,,,,,,,,744,KKDA UP,19:34,PVGW UP,20:36,62,0,No StepBack
,,,,,,,,,,,,,,,
65,12:55,MUPR,MUPR,20:48,04:59,07:53,Yes,716,MUPR,13:20,MUPR,13:37,17,2,No StepBack
,,,,,,,,716,MUPR,13:39,MUPR,13:56,17,2,No StepBack
,,,,,,,,716,MUPR,13:58,MUPR,14:15,17,33,No StepBack
,,,,,,,,710,MUPR,14:48,MUPR,15:06,18,1,No StepBack
,,,,,,,,710,MUPR,15:07,MUPR,15:25,18,1,No StepBack
,,,,,,,,710,MUPR,15:26,MUPR,15:44,18,1,No StepBack
,,,,,,,,710,MUPR,15:45,MUPR,16:01,16,2,No StepBack
,,,,,,,,710,MUPR,16:03,MUPR,16:19,16,1,No StepBack
,,,,,,,,710,MUPR,16:20,MUPR,16:35,15,1,No StepBack
,,,,,,,,710,MUPR,16:36,MUPR,16:52,16,1,No StepBack
,,,,,,,,710,MUPR,16:53,MUPR,17:08,15,78,No StepBack
,,,,,,,,722,MUPR,18:26,MUPR,18:42,16,1,No StepBack
,,,,,,,,722,MUPR,18:43,MUPR,18:58,15,1,No StepBack
,,,,,,,,722,MUPR,18:59,MUPR,19:15,16,1,No StepBack
,,,,,,,,722,MUPR,19:16,MUPR,19:31,15,1,No StepBack
,,,,,,,,722,MUPR,19:32,MUPR,19:50,18,1,No StepBack
,,,,,,,,722,MUPR,19:51,MUPR,20:09,18,1,No StepBack
,,,,,,,,722,MUPR,20:10,MUPR,20:28,18,0,No StepBack
,,,,,,,,,,,,,,,
66,13:06,KKDA UP,KKDA DN,20:55,05:26,07:49,Yes,736,KKDA UP,13:21,PVGW UP,14:27,66,0,No StepBack
,,,,,,,,736,PVGW UP,14:27,PVGW DN,15:04,37,51,No StepBack
,,,,,,,,706,PVGW DN,15:55,KKDA DN,16:57,62,0,No StepBack
,,,,,,,,706,KKDA DN,16:57,KKDA UP,17:34,37,30,726
,,,,,,,,719,KKDA UP,18:04,PVGW UP,19:06,62,37,No StepBack
,,,,,,,,743,PVGW DN,19:43,KKDA DN,20:45,62,0,No StepBack
,,,,,,,,,,,,,,,
67,13:10,PVGW DN,PVGW DN,21:00,06:04,07:50,Yes,730,PVGW DN,13:25,KKDA DN,14:33,68,51,No StepBack
,,,,,,,,721,KKDA UP,15:24,PVGW UP,16:30,66,0,No StepBack
,,,,,,,,721,PVGW UP,16:30,PVGW DN,17:03,33,0,No StepBack
,,,,,,,,721,PVGW DN,17:03,KKDA DN,18:05,62,30,No StepBack
,,,,,,,,713,KKDA DN,18:35,KKDA UP,19:09,34,0,728
,,,,,,,,728,KKDA UP,19:09,PVGW UP,20:11,62,0,No StepBack
,,,,,,,,728,PVGW UP,20:11,PVGW DN,20:50,39,0,No StepBack
,,,,,,,,,,,,,,,
68,13:11,PVGW UP,PVGW UP,20:51,05:24,07:40,Yes,723,PVGW UP,13:26,PVGW DN,14:02,36,0,No StepBack
,,,,,,,,723,PVGW DN,14:02,KKDA DN,15:10,68,58,No StepBack
,,,,,,,,708,KKDA UP,16:08,PVGW UP,17:10,62,53,No StepBack
,,,,,,,,744,PVGW DN,18:03,KKDA DN,19:05,62,0,No StepBack
,,,,,,,,744,KKDA DN,19:05,KKDA UP,19:39,34,0,733
,,,,,,,,733,KKDA UP,19:39,PVGW UP,20:41,62,0,No StepBack
,,,,,,,,,,,,,,,
69,13:12,KKDA UP,KKDA DN,20:40,05:22,07:28,Yes,712,KKDA UP,13:27,PVGW UP,14:33,66,57,No StepBack
,,,,,,,,738,PVGW DN,15:30,KKDA DN,16:32,62,0,No StepBack
,,,,,,,,738,KKDA DN,16:32,KKDA UP,17:10,38,0,715
,,,,,,,,715,KKDA UP,17:10,PVGW UP,18:12,62,44,No StepBack
,,,,,,,,714,PVGW UP,18:56,PVGW DN,19:28,32,0,No StepBack
,,,,,,,,714,PVGW DN,19:28,KKDA DN,20:30,62,0,No StepBack
,,,,,,,,,,,,,,,
70,13:22,KKDA DN,KKDA DN,21:10,05:59,07:48,Yes,706,KKDA DN,13:37,KKDA UP,14:16,39,50,726
,,,,,,,,730,KKDA UP,15:06,PVGW UP,16:11,65,0,No StepBack
,,,,,,,,730,PVGW UP,16:11,PVGW DN,16:48,37,0,No StepBack
,,,,,,,,730,PVGW DN,16:48,KKDA DN,17:50,62,34,No StepBack
,,,,,,,,720,KKDA UP,18:24,PVGW UP,19:26,62,0,No StepBack
,,,,,,,,720,PVGW UP,19:26,PVGW DN,19:58,32,0,No StepBack
,,,,,,,,720,PVGW DN,19:58,KKDA DN,21:00,62,0,No StepBack
,,,,,,,,,,,,,,,
71,13:41,PVGW DN,PVGW UP,21:31,06:05,07:50,Yes,717,PVGW DN,13:56,KKDA DN,15:03,67,0,No StepBack
,,,,,,,,717,KKDA DN,15:03,KKDA UP,15:43,40,30,723
,,,,,,,,707,KKDA UP,16:13,PVGW UP,17:15,62,0,No StepBack
,,,,,,,,707,PVGW UP,17:15,PVGW DN,17:48,33,0,No StepBack
,,,,,,,,707,PVGW DN,17:48,KKDA DN,18:50,62,50,No StepBack
,,,,,,,,738,KKDA DN,19:40,KKDA UP,20:15,35,0,746
,,,,,,,,746,KKDA UP,20:15,PVGW UP,21:21,66,0,No StepBack
,,,,,,,,,,,,,,,
72,13:59,KKDA DN,VND,21:55,05:36,07:56,Yes,727,KKDA DN,14:14,KKDA UP,14:53,39,0,719
,,,,,,,,719,KKDA UP,14:53,PVGW UP,15:59,66,0,No StepBack
,,,,,,,,719,PVGW UP,15:59,PVGW DN,16:33,34,59,No StepBack
,,,,,,,,733,PVGW UP,17:32,PVGW DN,18:08,36,0,No StepBack
,,,,,,,,733,PVGW DN,18:08,KKDA DN,19:10,62,0,No StepBack
,,,,,,,,733,KKDA DN,19:10,KKDA UP,19:44,34,46,702
,,,,,,,,714,KKDA DN,20:30,KKDA UP,21:08,38,0,727
,,,,,,,,727,KKDA UP,21:08,IPE,21:15,7,0,No StepBack
,,,,,,,,727,IPE,21:15,VND,21:35,20,0,No StepBack
,,,,,,,,,,,,,,,
73,14:05,PVGW UP,MKPD ,22:05,05:03,08:00,Yes,702,PVGW UP,14:20,PVGW DN,14:58,38,36,No StepBack
,,,,,,,,701,PVGW UP,15:34,PVGW DN,16:13,39,0,No StepBack
,,,,,,,,701,PVGW DN,16:13,KKDA DN,17:15,62,0,No StepBack
,,,,,,,,701,KKDA DN,17:15,KKDA UP,17:49,34,56,724
,,,,,,,,708,KKDA DN,18:45,KKDA UP,19:19,34,50,707
,,,,,,,,738,KKDA UP,20:09,PVGW UP,21:11,62,0,No StepBack
,,,,,,,,738,PVGW UP,21:11,MKPD ,21:45,34,0,No StepBack
,,,,,,,,,,,,,,,
74,14:18,PVGW DN,MKPD ,21:55,05:25,07:37,Yes,707,PVGW DN,14:33,KKDA DN,15:40,67,0,No StepBack
,,,,,,,,707,KKDA DN,15:40,KKDA UP,16:18,38,0,731
,,,,,,,,731,KKDA UP,16:18,PVGW UP,17:20,62,53,No StepBack
,,,,,,,,702,PVGW DN,18:13,KKDA DN,19:15,62,44,No StepBack
,,,,,,,,737,KKDA UP,19:59,PVGW UP,21:01,62,0,No StepBack
,,,,,,,,737,PVGW UP,21:01,MKPD ,21:35,34,0,No StepBack
,,,,,,,,,,,,,,,
75,14:18,KKDA DN,VND,22:02,04:42,07:44,Yes,730,KKDA DN,14:33,KKDA UP,15:12,39,35,720
,,,,,,,,731,KKDA DN,15:47,KKDA UP,16:24,37,0,704
,,,,,,,,704,KKDA UP,16:24,PVGW UP,17:26,62,0,No StepBack
,,,,,,,,704,PVGW UP,17:26,PVGW DN,17:58,32,68,No StepBack
,,,,,,,,719,PVGW UP,19:06,PVGW DN,19:38,32,44,No StepBack
,,,,,,,,735,PVGW DN,20:22,IPE,21:22,60,0,No StepBack
,,,,,,,,735,IPE,21:22,VND,21:42,20,0,No StepBack
,,,,,,,,,,,,,,,
76,14:24,KKDA DN,KKDA UP,22:05,05:06,07:41,Yes,720,KKDA DN,14:39,KKDA UP,15:18,39,53,734
,,,,,,,,736,KKDA DN,16:11,KKDA UP,16:48,37,32,712
,,,,,,,,724,KKDA DN,17:20,KKDA UP,17:54,34,0,714
,,,,,,,,714,KKDA UP,17:54,PVGW UP,18:56,62,45,No StepBack
,,,,,,,,745,PVGW UP,19:41,PVGW DN,20:14,33,0,No StepBack
,,,,,,,,745,PVGW DN,20:14,KKDA DN,21:16,62,0,No StepBack
,,,,,,,,745,KKDA DN,21:16,KKDA UP,21:55,39,0,745
,,,,,,,,,,,,,,,
77,14:24,PVGW DN,PVGW UP,22:13,05:30,07:49,Yes,731,PVGW DN,14:39,KKDA DN,15:47,68,49,No StepBack
,,,,,,,,702,KKDA UP,16:36,PVGW UP,17:38,62,0,No StepBack
,,,,,,,,702,PVGW UP,17:38,PVGW DN,18:13,35,65,No StepBack
,,,,,,,,701,PVGW DN,19:18,KKDA DN,20:20,62,0,No StepBack
,,,,,,,,701,KKDA DN,20:20,KKDA UP,20:58,38,0,724
,,,,,,,,724,KKDA UP,20:58,PVGW UP,22:03,65,0,No StepBack
,,,,,,,,,,,,,,,
78,14:30,KKDA DN,VND,22:21,04:46,07:51,Yes,734,KKDA DN,14:45,KKDA UP,15:24,39,54,721
,,,,,,,,737,KKDA DN,16:18,KKDA UP,16:58,40,0,718
,,,,,,,,718,KKDA UP,16:58,PVGW UP,18:00,62,0,No StepBack
,,,,,,,,718,PVGW UP,18:00,PVGW DN,18:33,33,38,No StepBack
,,,,,,,,743,PVGW UP,19:11,PVGW DN,19:43,32,58,No StepBack
,,,,,,,,703,PVGW DN,20:41,IPE,21:41,60,0,No StepBack
,,,,,,,,703,IPE,21:41,VND,22:01,20,0,No StepBack
,,,,,,,,,,,,,,,
79,14:31,PVGW DN,SAKP 3RD,22:21,05:47,07:50,Yes,704,PVGW DN,14:46,KKDA DN,15:53,67,0,No StepBack
,,,,,,,,704,KKDA DN,15:53,KKDA UP,16:30,37,0,733
,,,,,,,,733,KKDA UP,16:30,PVGW UP,17:32,62,56,No StepBack
,,,,,,,,737,PVGW DN,18:28,KKDA DN,19:30,62,0,No StepBack
,,,,,,,,737,KKDA DN,19:30,KKDA UP,20:04,34,0,718
,,,,,,,,718,KKDA UP,20:04,PVGW UP,21:06,62,32,No StepBack
,,,,,,,,740,PVGW UP,21:38,SAKP,21:41,3,0,No StepBack
,,,,,,,,740,SAKP,21:41,SAKP 3RD,22:01,20,0,No StepBack
,,,,,,,,,,,,,,,
80,14:32,KKDA UP,KKDA DN,22:17,05:58,07:45,Yes,727,KKDA UP,14:47,PVGW UP,15:53,66,0,No StepBack
,,,,,,,,727,PVGW UP,15:53,PVGW DN,16:28,35,0,No StepBack
,,,,,,,,727,PVGW DN,16:28,KKDA DN,17:30,62,30,No StepBack
,,,,,,,,734,KKDA DN,18:00,KKDA UP,18:34,34,0,721
,,,,,,,,721,KKDA UP,18:34,PVGW UP,19:36,62,0,No StepBack
,,,,,,,,721,PVGW UP,19:36,PVGW DN,20:08,32,52,No StepBack
,,,,,,,,707,PVGW DN,21:00,KKDA DN,22:07,67,0,No StepBack
,,,,,,,,,,,,,,,
81,14:36,KKDA DN,VND,22:09,05:31,07:33,Yes,721,KKDA DN,14:51,KKDA UP,15:30,39,0,735
,,,,,,,,735,KKDA UP,15:30,PVGW UP,16:36,66,0,No StepBack
,,,,,,,,735,PVGW UP,16:36,PVGW DN,17:13,37,31,No StepBack
,,,,,,,,736,PVGW UP,17:44,PVGW DN,18:18,34,0,No StepBack
,,,,,,,,736,PVGW DN,18:18,KKDA DN,19:20,62,0,No StepBack
,,,,,,,,736,KKDA DN,19:20,KKDA UP,19:54,34,56,712
,,,,,,,,729,KKDA DN,20:50,KKDA UP,21:22,32,0,722
,,,,,,,,722,KKDA UP,21:22,IPE,21:29,7,0,No StepBack
,,,,,,,,722,IPE,21:29,VND,21:49,20,0,No StepBack
,,,,,,,,,,,,,,,
82,14:42,PVGW UP,PVGW DN,22:25,05:16,07:43,Yes,715,PVGW UP,14:57,PVGW DN,15:37,40,30,No StepBack
,,,,,,,,742,PVGW DN,16:07,KKDA DN,17:09,62,0,No StepBack
,,,,,,,,742,KKDA DN,17:09,KKDA UP,17:44,35,36,701
,,,,,,,,717,KKDA DN,18:20,KKDA UP,18:54,34,0,723
,,,,,,,,723,KKDA UP,18:54,PVGW UP,19:56,62,0,No StepBack
,,,,,,,,723,PVGW UP,19:56,PVGW DN,20:33,37,56,No StepBack
,,,,,,,,715,PVGW UP,21:29,PVGW DN,22:15,46,0,No StepBack
,,,,,,,,,,,,,,,
83,14:42,KKDA DN,KKDA DN,22:32,06:04,07:50,Yes,735,KKDA DN,14:57,KKDA UP,15:36,39,0,717
,,,,,,,,717,KKDA UP,15:36,PVGW UP,16:42,66,31,No StepBack
,,,,,,,,735,PVGW DN,17:13,KKDA DN,18:15,62,0,No StepBack
,,,,,,,,735,KKDA DN,18:15,KKDA UP,18:49,34,0,717
,,,,,,,,717,KKDA UP,18:49,PVGW UP,19:51,62,50,No StepBack
,,,,,,,,733,PVGW UP,20:41,PVGW DN,21:15,34,0,No StepBack
,,,,,,,,733,PVGW DN,21:15,KKDA DN,22:22,67,0,No StepBack
,,,,,,,,,,,,,,,
84,14:43,PVGW DN,MKPD ,22:28,05:28,07:45,Yes,702,PVGW DN,14:58,KKDA DN,16:05,67,0,No StepBack
,,,,,,,,702,KKDA DN,16:05,KKDA UP,16:42,37,0,736
,,,,,,,,736,KKDA UP,16:42,PVGW UP,17:44,62,59,No StepBack
,,,,,,,,746,PVGW DN,18:43,KKDA DN,19:45,62,43,No StepBack
,,,,,,,,705,KKDA UP,20:28,PVGW UP,21:34,66,0,No StepBack
,,,,,,,,705,PVGW UP,21:34,MKPD ,22:08,34,0,No StepBack
,,,,,,,,,,,,,,,
85,14:44,KKDA UP,VND,22:33,05:45,07:49,Yes,729,KKDA UP,14:59,PVGW UP,16:05,66,0,No StepBack
,,,,,,,,729,PVGW UP,16:05,PVGW DN,16:43,38,0,No StepBack
,,,,,,,,729,PVGW DN,16:43,KKDA DN,17:45,62,89,No StepBack
,,,,,,,,708,KKDA UP,19:14,PVGW UP,20:16,62,0,No StepBack
,,,,,,,,708,PVGW UP,20:16,PVGW DN,20:53,37,0,No StepBack
,,,,,,,,708,PVGW DN,20:53,IPE,21:53,60,0,No StepBack
,,,,,,,,708,IPE,21:53,VND,22:13,20,0,No StepBack
,,,,,,,,,,,,,,,
86,14:49,PVGW DN,MKPD ,22:48,06:02,07:59,Yes,736,PVGW DN,15:04,KKDA DN,16:11,67,52,No StepBack
,,,,,,,,738,KKDA UP,17:03,PVGW UP,18:05,62,0,No StepBack
,,,,,,,,738,PVGW UP,18:05,PVGW DN,18:38,33,0,No StepBack
,,,,,,,,738,PVGW DN,18:38,KKDA DN,19:40,62,30,No StepBack
,,,,,,,,726,KKDA DN,20:10,KKDA UP,20:48,38,0,742
,,,,,,,,742,KKDA UP,20:48,PVGW UP,21:53,65,0,No StepBack
,,,,,,,,742,PVGW UP,21:53,MKPD ,22:28,35,0,No StepBack
,,,,,,,,,,,,,,,
87,14:55,PVGW UP,MKPD ,22:38,05:11,07:43,Yes,740,PVGW UP,15:10,PVGW DN,15:49,39,0,No StepBack
,,,,,,,,740,PVGW DN,15:49,KKDA DN,16:51,62,0,No StepBack
,,,,,,,,740,KKDA DN,16:51,KKDA UP,17:29,38,41,706
,,,,,,,,745,KKDA DN,18:10,KKDA UP,18:44,34,76,735
,,,,,,,,740,KKDA DN,20:00,KKDA UP,20:38,38,0,706
,,,,,,,,706,KKDA UP,20:38,PVGW UP,21:43,65,0,No StepBack
,,,,,,,,706,PVGW UP,21:43,MKPD ,22:18,35,0,No StepBack
,,,,,,,,,,,,,,,
88,15:01,KKDA DN,VND,22:48,05:43,07:47,Yes,703,KKDA DN,15:16,KKDA UP,15:56,40,0,713
,,,,,,,,713,KKDA UP,15:56,PVGW UP,16:58,62,30,No StepBack
,,,,,,,,703,PVGW DN,17:28,KKDA DN,18:30,62,59,No StepBack
,,,,,,,,704,KKDA UP,19:29,PVGW UP,20:31,62,0,No StepBack
,,,,,,,,704,PVGW UP,20:31,PVGW DN,21:08,37,0,No StepBack
,,,,,,,,704,PVGW DN,21:08,IPE,22:08,60,0,No StepBack
,,,,,,,,704,IPE,22:08,VND,22:28,20,0,No StepBack
,,,,,,,,,,,,,,,
89,15:01,PVGW DN,MKPD ,22:53,05:57,07:52,Yes,737,PVGW DN,15:16,KKDA DN,16:18,62,30,No StepBack
,,,,,,,,712,KKDA UP,16:48,PVGW UP,17:50,62,0,No StepBack
,,,,,,,,712,PVGW UP,17:50,PVGW DN,18:23,33,0,No StepBack
,,,,,,,,712,PVGW DN,18:23,KKDA DN,19:25,62,50,No StepBack
,,,,,,,,742,KKDA DN,20:15,KKDA UP,20:53,38,0,701
,,,,,,,,701,KKDA UP,20:53,PVGW UP,21:58,65,0,No StepBack
,,,,,,,,701,PVGW UP,21:58,MKPD ,22:33,35,0,No StepBack
,,,,,,,,,,,,,,,
90,15:01,PVGW UP,DDSC SDG,22:29,05:10,07:28,Yes,706,PVGW UP,15:16,PVGW DN,15:55,39,63,No StepBack
,,,,,,,,713,PVGW UP,16:58,PVGW DN,17:33,35,0,No StepBack
,,,,,,,,713,PVGW DN,17:33,KKDA DN,18:35,62,40,No StepBack
,,,,,,,,702,KKDA DN,19:15,KKDA UP,19:49,34,0,736
,,,,,,,,736,KKDA UP,19:49,PVGW UP,20:51,62,0,No StepBack
,,,,,,,,736,PVGW UP,20:51,PVGW DN,21:30,39,0,No StepBack
,,,,,,,,736,PVGW DN,21:30,DDSC,21:49,19,0,No StepBack
,,,,,,,,736,DDSC,21:49,DDSC SDG,22:09,20,0,No StepBack
,,,,,,,,,,,,,,,
91,15:03,KKDA UP,KKDA DN,22:52,06:04,07:49,Yes,734,KKDA UP,15:18,PVGW UP,16:24,66,0,No StepBack
,,,,,,,,734,PVGW UP,16:24,PVGW DN,16:58,34,0,No StepBack
,,,,,,,,734,PVGW DN,16:58,KKDA DN,18:00,62,30,No StepBack
,,,,,,,,703,KKDA DN,18:30,KKDA UP,19:04,34,50,713
,,,,,,,,712,KKDA UP,19:54,PVGW UP,20:56,62,0,No StepBack
,,,,,,,,712,PVGW UP,20:56,PVGW DN,21:35,39,0,No StepBack
,,,,,,,,712,PVGW DN,21:35,KKDA DN,22:42,67,0,No StepBack
,,,,,,,,,,,,,,,
92,15:08,PVGW DN,MKPD ,23:03,05:56,07:55,Yes,718,PVGW DN,15:23,KKDA DN,16:25,62,0,No StepBack
,,,,,,,,718,KKDA DN,16:25,KKDA UP,17:03,38,31,738
,,,,,,,,726,KKDA UP,17:34,PVGW UP,18:36,62,0,No StepBack
,,,,,,,,726,PVGW UP,18:36,PVGW DN,19:08,32,0,No StepBack
,,,,,,,,726,PVGW DN,19:08,KKDA DN,20:10,62,53,No StepBack
,,,,,,,,714,KKDA UP,21:03,PVGW UP,22:08,65,0,No StepBack
,,,,,,,,714,PVGW UP,22:08,MKPD ,22:43,35,0,No StepBack
,,,,,,,,,,,,,,,
93,15:13,KKDA DN,VND,23:13,05:01,08:00,Yes,728,KKDA DN,15:28,KKDA UP,16:08,40,96,708
,,,,,,,,701,KKDA UP,17:44,PVGW UP,18:46,62,0,No StepBack
,,,,,,,,701,PVGW UP,18:46,PVGW DN,19:18,32,48,No StepBack
,,,,,,,,713,PVGW UP,20:06,PVGW DN,20:45,39,0,No StepBack
,,,,,,,,713,PVGW DN,20:45,KKDA DN,21:52,67,0,No StepBack
,,,,,,,,713,KKDA DN,21:52,KKDA UP,22:26,34,0,713
,,,,,,,,713,KKDA UP,22:26,IPE,22:33,7,0,No StepBack
,,,,,,,,713,IPE,22:33,VND,22:53,20,0,No StepBack
,,,,,,,,,,,,,,,
94,15:22,PVGW DN,MKPD ,23:18,05:56,07:56,Yes,715,PVGW DN,15:37,KKDA DN,16:39,62,50,No StepBack
,,,,,,,,706,KKDA UP,17:29,PVGW UP,18:31,62,0,No StepBack
,,,,,,,,706,PVGW UP,18:31,PVGW DN,19:03,32,0,No StepBack
,,,,,,,,706,PVGW DN,19:03,KKDA DN,20:05,62,35,No StepBack
,,,,,,,,719,KKDA DN,20:40,KKDA UP,21:18,38,0,743
,,,,,,,,743,KKDA UP,21:18,PVGW UP,22:23,65,0,No StepBack
,,,,,,,,743,PVGW UP,22:23,MKPD ,22:58,35,0,No StepBack
,,,,,,,,,,,,,,,
95,15:28,KKDA UP,VND,23:28,04:55,08:00,Yes,723,KKDA UP,15:43,PVGW UP,16:48,65,0,No StepBack
,,,,,,,,723,PVGW UP,16:48,PVGW DN,17:23,35,30,No StepBack
,,,,,,,,731,PVGW DN,17:53,KKDA DN,18:55,62,30,No StepBack
,,,,,,,,712,KKDA DN,19:25,KKDA UP,19:59,34,36,737
,,,,,,,,727,KKDA DN,20:35,KKDA UP,21:13,38,54,719
,,,,,,,,707,KKDA DN,22:07,KKDA UP,22:41,34,0,707
,,,,,,,,707,KKDA UP,22:41,IPE,22:48,7,0,No StepBack
,,,,,,,,707,IPE,22:48,VND,23:08,20,0,No StepBack
,,,,,,,,,,,,,,,
96,15:46,PVGW DN,MKPD ,23:43,05:54,07:57,Yes,726,PVGW DN,16:01,KKDA DN,17:03,62,0,No StepBack
,,,,,,,,726,KKDA DN,17:03,KKDA UP,17:39,36,0,742
,,,,,,,,742,KKDA UP,17:39,PVGW UP,18:41,62,50,No StepBack
,,,,,,,,734,PVGW UP,19:31,PVGW DN,20:03,32,0,No StepBack
,,,,,,,,734,PVGW DN,20:03,KKDA DN,21:05,62,38,No StepBack
,,,,,,,,721,KKDA UP,21:43,PVGW UP,22:48,65,0,No StepBack
,,,,,,,,721,PVGW UP,22:48,MKPD ,23:23,35,0,No StepBack
,,,,,,,,,,,,,,,
97,15:47,KKDA UP,VND,23:40,04:49,07:53,Yes,728,KKDA UP,16:02,PVGW UP,17:04,62,68,No StepBack
,,,,,,,,715,PVGW UP,18:12,PVGW DN,18:48,36,0,No StepBack
,,,,,,,,715,PVGW DN,18:48,KKDA DN,19:50,62,0,No StepBack
,,,,,,,,715,KKDA DN,19:50,KKDA UP,20:28,38,37,705
,,,,,,,,734,KKDA DN,21:05,KKDA UP,21:38,33,44,734
,,,,,,,,733,KKDA DN,22:22,KKDA UP,22:53,31,0,744
,,,,,,,,744,KKDA UP,22:53,IPE,23:00,7,0,No StepBack
,,,,,,,,744,IPE,23:00,VND,23:20,20,0,No StepBack
,,,,,,,,,,,,,,,
98,15:39,MKPD,PVGW UP,23:37,05:59,07:58,Yes,743,MKPD,16:04,PVGW DN,16:38,34,0,No StepBack
,,,,,,,,743,PVGW DN,16:38,KKDA DN,17:40,62,34,No StepBack
,,,,,,,,729,KKDA UP,18:14,PVGW UP,19:16,62,0,No StepBack
,,,,,,,,729,PVGW UP,19:16,PVGW DN,19:48,32,0,No StepBack
,,,,,,,,729,PVGW DN,19:48,KKDA DN,20:50,62,50,No StepBack
,,,,,,,,723,KKDA DN,21:40,KKDA UP,22:21,41,0,723
,,,,,,,,723,KKDA UP,22:21,PVGW UP,23:27,66,0,No StepBack
,,,,,,,,,,,,,,,
99,15:48,VND,KKDA DN,23:32,05:42,07:44,Yes,744,VND,16:13,PVGW UP,17:28,75,0,No StepBack
,,,,,,,,744,PVGW UP,17:28,PVGW DN,18:03,35,50,No StepBack
,,,,,,,,705,PVGW DN,18:53,KKDA DN,19:55,62,0,No StepBack
,,,,,,,,705,KKDA DN,19:55,KKDA UP,20:33,38,0,740
,,,,,,,,740,KKDA UP,20:33,PVGW UP,21:38,65,37,No StepBack
,,,,,,,,715,PVGW DN,22:15,KKDA DN,23:22,67,0,No StepBack
,,,,,,,,,,,,,,,
100,16:06,MUPR,VND,24:14,04:56,08:08,Yes,722,MUPR,16:31,MUPR,16:46,15,1,No StepBack
,,,,,,,,722,MUPR,16:47,MUPR,17:03,16,1,No StepBack
,,,,,,,,722,MUPR,17:04,MUPR,17:19,15,1,No StepBack
,,,,,,,,722,MUPR,17:20,MUPR,17:36,16,1,No StepBack
,,,,,,,,722,MUPR,17:37,MUPR,17:52,15,1,No StepBack
,,,,,,,,722,MUPR,17:53,MUPR,18:09,16,1,No StepBack
,,,,,,,,722,MUPR,18:10,MUPR,18:25,15,62,No StepBack
,,,,,,,,716,MUPR,19:27,MUPR,19:42,15,3,No StepBack
,,,,,,,,716,MUPR,19:45,MUPR,20:03,18,1,No StepBack
,,,,,,,,716,MUPR,20:04,MUPR,20:22,18,1,No StepBack
,,,,,,,,716,MUPR,20:23,MUPR,20:41,18,1,No StepBack
,,,,,,,,716,MUPR,20:42,MUPR,21:00,18,35,No StepBack
,,,,,,,,710,MUPR,21:35,MUPR,21:52,17,3,No StepBack
,,,,,,,,710,MUPR,21:55,MUPR,22:12,17,35,No StepBack
,,,,,,,,702,MUPR,22:47,VND,23:54,67,0,No StepBack
,,,,,,,,,,,,,,,
101,16:18,PVGW DN,MKPD ,24:10,05:18,07:52,Yes,719,PVGW DN,16:33,KKDA DN,17:35,62,44,No StepBack
,,,,,,,,730,KKDA UP,18:19,PVGW UP,19:21,62,0,No StepBack
,,,,,,,,730,PVGW UP,19:21,PVGW DN,19:53,32,0,No StepBack
,,,,,,,,730,PVGW DN,19:53,KKDA DN,20:55,62,75,No StepBack
,,,,,,,,717,KKDA UP,22:10,PVGW UP,23:16,66,0,No StepBack
,,,,,,,,717,PVGW UP,23:16,MKPD ,23:50,34,0,No StepBack
,,,,,,,,,,,,,,,
102,16:09,MKPD,MKPD ,23:33,04:28,07:24,Yes,745,MKPD,16:34,PVGW DN,17:08,34,0,No StepBack
,,,,,,,,745,PVGW DN,17:08,KKDA DN,18:10,62,34,No StepBack
,,,,,,,,735,KKDA UP,18:44,PVGW UP,19:46,62,0,No StepBack
,,,,,,,,735,PVGW UP,19:46,PVGW DN,20:22,36,44,No StepBack
,,,,,,,,718,PVGW UP,21:06,PVGW DN,21:45,39,53,No StepBack
,,,,,,,,720,PVGW UP,22:38,MKPD ,23:13,35,0,No StepBack
,,,,,,,,,,,,,,,
103,16:24,KKDA DN,MUPR DN,24:22,05:10,07:58,Yes,715,KKDA DN,16:39,KKDA UP,17:17,38,33,705
,,,,,,,,730,KKDA DN,17:50,KKDA UP,18:24,34,55,720
,,,,,,,,707,KKDA UP,19:19,PVGW UP,20:21,62,0,No StepBack
,,,,,,,,707,PVGW UP,20:21,PVGW DN,21:00,39,45,No StepBack
,,,,,,,,718,PVGW DN,21:45,KKDA DN,22:52,67,0,No StepBack
,,,,,,,,718,KKDA DN,22:52,MUPR DN,24:02,70,0,746
,,,,,,,,,,,,,,,
104,16:17,MUPR,VND,24:19,05:02,08:02,Yes,716,MUPR,16:42,MUPR,16:57,15,1,No StepBack
,,,,,,,,716,MUPR,16:58,MUPR,17:14,16,1,No StepBack
,,,,,,,,716,MUPR,17:15,MUPR,17:30,15,1,No StepBack
,,,,,,,,716,MUPR,17:31,MUPR,17:47,16,1,No StepBack
,,,,,,,,716,MUPR,17:48,MUPR,18:03,15,1,No StepBack
,,,,,,,,716,MUPR,18:04,MUPR,18:20,16,1,No StepBack
,,,,,,,,716,MUPR,18:21,MUPR,18:36,15,1,No StepBack
,,,,,,,,716,MUPR,18:37,MUPR,18:53,16,1,No StepBack
,,,,,,,,716,MUPR,18:54,MUPR,19:09,15,1,No StepBack
,,,,,,,,716,MUPR,19:10,MUPR,19:26,16,32,No StepBack
,,,,,,,,710,MUPR,19:58,MUPR,20:15,17,2,No StepBack
,,,,,,,,710,MUPR,20:17,MUPR,20:34,17,2,No StepBack
,,,,,,,,710,MUPR,20:36,MUPR,20:53,17,2,No StepBack
,,,,,,,,710,MUPR,20:55,MUPR,21:12,17,3,No StepBack
,,,,,,,,710,MUPR,21:15,MUPR,21:32,17,85,No StepBack
,,,,,,,,712,MUPR,22:57,VND,23:59,62,0,No StepBack
,,,,,,,,,,,,,,,
105,16:27,PVGW UP,MKPD ,24:21,05:11,07:54,Yes,717,PVGW UP,16:42,PVGW DN,17:18,36,0,No StepBack
,,,,,,,,717,PVGW DN,17:18,KKDA DN,18:20,62,35,No StepBack
,,,,,,,,731,KKDA DN,18:55,KKDA UP,19:29,34,36,704
,,,,,,,,706,KKDA DN,20:05,KKDA UP,20:43,38,0,726
,,,,,,,,726,KKDA UP,20:43,PVGW UP,21:48,65,0,No StepBack
,,,,,,,,726,PVGW UP,21:48,PVGW DN,22:30,42,57,No StepBack
,,,,,,,,723,PVGW UP,23:27,MKPD ,24:01,34,0,No StepBack
,,,,,,,,,,,,,,,
106,16:30,KKDA DN,VND,23:39,04:58,07:09,Yes,705,KKDA DN,16:45,KKDA UP,17:24,39,41,740
,,,,,,,,721,KKDA DN,18:05,KKDA UP,18:39,34,0,745
,,,,,,,,745,KKDA UP,18:39,PVGW UP,19:41,62,55,No StepBack
,,,,,,,,744,PVGW UP,20:36,PVGW DN,21:12,36,0,No StepBack
,,,,,,,,744,PVGW DN,21:12,KKDA DN,22:19,67,0,No StepBack
,,,,,,,,744,KKDA DN,22:19,KKDA UP,22:51,32,0,710
,,,,,,,,710,KKDA UP,22:51,IPE,22:59,8,0,No StepBack
,,,,,,,,710,IPE,22:59,VND,23:19,20,0,No StepBack
,,,,,,,,,,,,,,,
107,16:38,KKDA UP,KKDA DN,24:17,05:31,07:39,Yes,737,KKDA UP,16:53,PVGW UP,17:55,62,0,No StepBack
,,,,,,,,737,PVGW UP,17:55,PVGW DN,18:28,33,65,No StepBack
,,,,,,,,727,PVGW DN,19:33,KKDA DN,20:35,62,38,No StepBack
,,,,,,,,719,KKDA UP,21:13,PVGW UP,22:18,65,0,No StepBack
,,,,,,,,719,PVGW UP,22:18,PVGW DN,23:00,42,0,No StepBack
,,,,,,,,719,PVGW DN,23:00,KKDA DN,24:07,67,0,No StepBack
,,,,,,,,,,,,,,,
108,16:38,PVGW DN,MKPD ,24:36,05:53,07:58,Yes,720,PVGW DN,16:53,KKDA DN,17:55,62,0,No StepBack
,,,,,,,,720,KKDA DN,17:55,KKDA UP,18:29,34,0,734
,,,,,,,,734,KKDA UP,18:29,PVGW UP,19:31,62,37,No StepBack
,,,,,,,,721,PVGW DN,20:08,KKDA DN,21:10,62,0,No StepBack
,,,,,,,,721,KKDA DN,21:10,KKDA UP,21:43,33,53,721
,,,,,,,,728,KKDA UP,22:36,PVGW UP,23:42,66,0,No StepBack
,,,,,,,,728,PVGW UP,23:42,MKPD ,24:16,34,0,No StepBack
,,,,,,,,,,,,,,,
109,16:28,VND,IPE 3RD,24:29,04:54,08:01,Yes,746,VND,16:53,PVGW UP,18:08,75,0,No StepBack
,,,,,,,,746,PVGW UP,18:08,PVGW DN,18:43,35,30,No StepBack
,,,,,,,,742,PVGW DN,19:13,KKDA DN,20:15,62,30,No StepBack
,,,,,,,,743,KKDA DN,20:45,MUPR DN SDG,21:24,39,51,729
,,,,,,,,710,MUPR,22:15,MUPR,22:36,21,31,No StepBack
,,,,,,,,718,MUPR,23:07,IPE 3RD,24:09,62,0,No StepBack
,,,,,,,,,,,,,,,
110,16:49,PVGW UP,PVGW UP,24:08,04:33,07:19,Yes,728,PVGW UP,17:04,PVGW DN,17:38,34,63,No StepBack
,,,,,,,,742,PVGW UP,18:41,PVGW DN,19:13,32,38,No StepBack
,,,,,,,,717,PVGW UP,19:51,PVGW DN,20:25,34,40,No StepBack
,,,,,,,,731,PVGW DN,21:05,KKDA DN,22:12,67,0,No StepBack
,,,,,,,,731,KKDA DN,22:12,KKDA UP,22:52,40,0,731
,,,,,,,,731,KKDA UP,22:52,PVGW UP,23:58,66,0,No StepBack
,,,,,,,,,,,,,,,
111,16:44,MUPR,MUPR,24:02,04:25,07:18,Yes,710,MUPR,17:09,MUPR,17:25,16,1,No StepBack
,,,,,,,,710,MUPR,17:26,MUPR,17:41,15,1,No StepBack
,,,,,,,,710,MUPR,17:42,MUPR,17:58,16,1,No StepBack
,,,,,,,,710,MUPR,17:59,MUPR,18:14,15,1,No StepBack
,,,,,,,,710,MUPR,18:15,MUPR,18:31,16,1,No StepBack
,,,,,,,,710,MUPR,18:32,MUPR,18:47,15,1,No StepBack
,,,,,,,,710,MUPR,18:48,MUPR,19:04,16,1,No StepBack
,,,,,,,,710,MUPR,19:05,MUPR,19:20,15,1,No StepBack
,,,,,,,,710,MUPR,19:21,MUPR,19:37,16,2,No StepBack
,,,,,,,,710,MUPR,19:39,MUPR,19:56,17,69,No StepBack
,,,,,,,,716,MUPR,21:05,MUPR,21:22,17,3,No StepBack
,,,,,,,,716,MUPR,21:25,MUPR,21:42,17,3,No StepBack
,,,,,,,,716,MUPR,21:45,MUPR,22:02,17,3,No StepBack
,,,,,,,,716,MUPR,22:05,MUPR,22:21,16,9,No StepBack
,,,,,,,,716,MUPR,22:30,MUPR,22:51,21,31,No StepBack
,,,,,,,,746,MUPR,23:22,MUPR,23:42,20,0,No StepBack
,,,,,,,,,,,,,,,
112,16:55,PVGW UP,MKPR DN,24:53,05:04,07:58,Yes,708,PVGW UP,17:10,PVGW DN,17:43,33,0,No StepBack
,,,,,,,,708,PVGW DN,17:43,KKDA DN,18:45,62,50,No StepBack
,,,,,,,,718,KKDA DN,19:35,KKDA UP,20:09,34,46,738
,,,,,,,,730,KKDA DN,20:55,KKDA UP,21:28,33,0,730
,,,,,,,,730,KKDA UP,21:28,PVGW UP,22:33,65,0,No StepBack
,,,,,,,,730,PVGW UP,22:33,PVGW DN,23:15,42,43,No StepBack
,,,,,,,,731,PVGW UP,23:58,MKPR DN,24:33,35,0,No StepBack
,,,,,,,,,,,,,,,
113,17:02,KKDA UP,MVPO DN,24:54,05:34,07:52,Yes,705,KKDA UP,17:17,PVGW UP,18:19,62,0,No StepBack
,,,,,,,,705,PVGW UP,18:19,PVGW DN,18:53,34,45,No StepBack
,,,,,,,,719,PVGW DN,19:38,KKDA DN,20:40,62,58,No StepBack
,,,,,,,,734,KKDA UP,21:38,PVGW UP,22:43,65,0,No StepBack
,,,,,,,,734,PVGW UP,22:43,MVPO DN,24:34,111,0,No StepBack
,,,,,,,,,,,,,,,
114,17:05,PVGW UP,DDSC DN,24:36,04:34,07:31,Yes,731,PVGW UP,17:20,PVGW DN,17:53,33,40,No StepBack
,,,,,,,,718,PVGW DN,18:33,KKDA DN,19:35,62,50,No StepBack
,,,,,,,,724,KKDA DN,20:25,KKDA UP,21:03,38,52,714
,,,,,,,,745,KKDA UP,21:55,PVGW UP,23:01,66,0,No StepBack
,,,,,,,,745,PVGW UP,23:01,DDSC DN,24:16,75,0,No StepBack
,,,,,,,,,,,,,,,
115,17:08,PVGW DN,MKPD ,25:08,06:01,08:00,Yes,723,PVGW DN,17:23,KKDA DN,18:25,62,0,No StepBack
,,,,,,,,723,KKDA DN,18:25,KKDA UP,18:59,34,0,703
,,,,,,,,703,KKDA UP,18:59,PVGW UP,20:01,62,32,No StepBack
,,,,,,,,723,PVGW DN,20:33,KKDA DN,21:40,67,52,No StepBack
,,,,,,,,702,KKDA DN,22:32,KKDA UP,23:07,35,0,716
,,,,,,,,716,KKDA UP,23:07,PVGW UP,24:13,66,0,No StepBack
,,,,,,,,716,PVGW UP,24:13,MKPD ,24:48,35,0,No StepBack
,,,,,,,,,,,,,,,
116,17:09,KKDA UP,MUPR,25:06,05:36,07:57,Yes,740,KKDA UP,17:24,PVGW UP,18:26,62,0,No StepBack
,,,,,,,,740,PVGW UP,18:26,PVGW DN,18:58,32,0,No StepBack
,,,,,,,,740,PVGW DN,18:58,KKDA DN,20:00,62,60,No StepBack
,,,,,,,,720,KKDA DN,21:00,KKDA UP,21:33,33,0,720
,,,,,,,,720,KKDA UP,21:33,PVGW UP,22:38,65,37,No StepBack
,,,,,,,,730,PVGW DN,23:15,KKDA DN,24:22,67,0,No StepBack
,,,,,,,,730,KKDA DN,24:22,MUPR,24:37,15,0,No StepBack
,,,,,,,,730,MUPR,24:37,SVVR DN,24:46,9,0,No StepBack
,,,,,,,,,,,,,,,
117,17:10,KKDA DN,MUPR,25:01,05:07,07:51,Yes,714,KKDA DN,17:25,KKDA UP,17:59,34,0,727
,,,,,,,,727,KKDA UP,17:59,PVGW UP,19:01,62,0,No StepBack
,,,,,,,,727,PVGW UP,19:01,PVGW DN,19:33,32,52,No StepBack
,,,,,,,,717,PVGW DN,20:25,KKDA DN,21:32,67,0,No StepBack
,,,,,,,,717,KKDA DN,21:32,KKDA UP,22:10,38,32,717
,,,,,,,,712,KKDA DN,22:42,KKDA UP,23:22,40,45,733
,,,,,,,,719,KKDA DN,24:07,MUPR,24:22,15,0,No StepBack
,,,,,,,,719,MUPR,24:22,MUPR,24:41,19,0,No StepBack
,,,,,,,,,,,,,,,
118,17:15,KKDA DN,MUPR,24:46,05:12,07:31,Yes,727,KKDA DN,17:30,KKDA UP,18:04,34,46,719
,,,,,,,,707,KKDA DN,18:50,KKDA UP,19:24,34,0,731
,,,,,,,,731,KKDA UP,19:24,PVGW UP,20:26,62,0,No StepBack
,,,,,,,,731,PVGW UP,20:26,PVGW DN,21:05,39,58,No StepBack
,,,,,,,,724,PVGW UP,22:03,PVGW DN,22:45,42,0,No StepBack
,,,,,,,,724,PVGW DN,22:45,KKDA DN,23:52,67,0,No StepBack
,,,,,,,,724,KKDA DN,23:52,MUPR,24:07,15,0,No StepBack
,,,,,,,,724,MUPR,24:07,MUPR,24:26,19,0,No StepBack
,,,,,,,,,,,,,,,
119,17:20,KKDA DN,VND,25:14,05:19,07:54,Yes,719,KKDA DN,17:35,KKDA UP,18:09,34,0,743
,,,,,,,,743,KKDA UP,18:09,PVGW UP,19:11,62,50,No StepBack
,,,,,,,,703,PVGW UP,20:01,PVGW DN,20:41,40,40,No StepBack
,,,,,,,,746,PVGW UP,21:21,PVGW DN,22:00,39,30,No StepBack
,,,,,,,,726,PVGW DN,22:30,KKDA DN,23:37,67,0,No StepBack
,,,,,,,,726,KKDA DN,23:37,MUPR,23:52,15,0,No StepBack
,,,,,,,,726,MUPR,23:52,VND,24:54,62,0,No StepBack
,,,,,,,,,,,,,,,
120,17:23,PVGW DN,MKPR UP,25:23,06:05,08:00,Yes,728,PVGW DN,17:38,KKDA DN,18:40,62,0,No StepBack
,,,,,,,,728,KKDA DN,18:40,KKDA UP,19:14,34,30,708
,,,,,,,,702,KKDA UP,19:44,PVGW UP,20:46,62,0,No StepBack
,,,,,,,,702,PVGW UP,20:46,PVGW DN,21:25,39,0,No StepBack
,,,,,,,,702,PVGW DN,21:25,KKDA DN,22:32,67,50,No StepBack
,,,,,,,,733,KKDA UP,23:22,PVGW UP,24:28,66,0,No StepBack
,,,,,,,,733,PVGW UP,24:28,MKPR UP,25:03,35,0,No StepBack
,,,,,,,,,,,,,,,
121,17:25,KKDA DN,MUPR 4TH,25:21,05:01,07:56,Yes,743,KKDA DN,17:40,KKDA UP,18:14,34,50,729
,,,,,,,,713,KKDA UP,19:04,PVGW UP,20:06,62,44,No StepBack
,,,,,,,,728,PVGW DN,20:50,KKDA DN,21:57,67,0,No StepBack
,,,,,,,,728,KKDA DN,21:57,KKDA UP,22:36,39,46,728
,,,,,,,,715,KKDA DN,23:22,MUPR 4TH,25:01,99,0,719
,,,,,,,,,,,,,,,
122,17:30,KKDA DN,MUPR 3RD SDG,25:06,05:04,07:36,Yes,729,KKDA DN,17:45,KKDA UP,18:19,34,86,730
,,,,,,,,746,KKDA DN,19:45,KKDA UP,20:23,38,0,715
,,,,,,,,715,KKDA UP,20:23,PVGW UP,21:29,66,31,No StepBack
,,,,,,,,746,PVGW DN,22:00,KKDA DN,23:07,67,0,No StepBack
,,,,,,,,746,KKDA DN,23:07,MUPR 3RD SDG,24:46,99,0,724
,,,,,,,,,,,,,,,
123,20:04,MUPR,VND,24:59,02:07,04:55,Yes,722,MUPR,20:29,MUPR,20:47,18,1,No StepBack
,,,,,,,,722,MUPR,20:48,MUPR,21:06,18,91,No StepBack
,,,,,,,,733,MUPR,22:37,MUPR,23:06,29,31,No StepBack
,,,,,,,,715,MUPR,23:37,VND,24:39,62,0,No StepBack
