,Rake Num,Start Station,Start Time,End Station,End Time,Direction,Service Time
27,702,VND,05:40,KKDA DN,06:08,DN,28
108,701,MKPD,05:40,MKPR,06:00,DN,20
4,703,VND,05:40,PVGW UP,06:58,UP,78
2,709,IPE,05:45,PVGW UP,06:56,UP,71
78,711,SAKP,05:45,KKDA DN,06:59,DN,74
32,710,VND,05:48,KKDA DN,06:15,DN,27
89,706,MKPR,05:50,PVGW DN,06:03,DN,13
36,712,VND,05:55,KKDA DN,06:22,DN,27
6,713,VND,05:55,PVGW UP,07:13,UP,78
18,704,MUPR,06:00,SVVR,06:07,DN,7
13,707,SVVR,06:00,MUPR,06:08,UP,8
68,705,DDSC,06:00,KKDA DN,06:52,DN,52
9,708,MUPR,06:00,KKDA UP,06:18,UP,18
109,701,MKPR,06:00,PVGW DN,06:15,DN,15
90,706,PVGW DN,06:03,KKDA DN,07:09,DN,66
45,718,VND,06:05,KKDA DN,06:32,DN,27
28,702,KKDA DN,06:08,MUPR,06:26,DN,18
14,707,MUPR,06:08,KKDA UP,06:23,UP,15
158,719,MKPD,06:10,MKPR,06:30,DN,20
110,701,PVGW DN,06:15,KKDA DN,07:22,DN,67
19,704,SVVR,06:15,MUPR,06:21,UP,6
24,716,MUPR,06:15,SVVR,06:21,DN,6
33,710,KKDA DN,06:15,MUPR,06:30,DN,15
54,715,NZM,06:15,KKDA DN,06:42,DN,27
129,714,MKPR,06:15,PVGW DN,06:30,DN,15
10,708,KKDA UP,06:18,PVGW UP,07:25,UP,67
0,717,DDSC,06:20,PVGW UP,06:41,UP,21
20,704,MUPR,06:21,KKDA UP,06:36,UP,15
37,712,KKDA DN,06:22,MUPR,06:37,DN,15
15,707,KKDA UP,06:23,PVGW UP,07:29,UP,66
187,720,MKPD,06:25,MKPR,06:45,DN,20
130,714,PVGW DN,06:30,KKDA DN,07:37,DN,67
25,716,SVVR,06:30,MUPR,06:36,UP,6
34,710,MUPR,06:30,SVVR,06:37,DN,7
159,719,MKPR,06:30,PVGW DN,06:45,DN,15
46,718,KKDA DN,06:32,MUPR,06:47,DN,15
29,702,MUPR,06:33,KKDA UP,06:48,UP,15
21,704,KKDA UP,06:36,PVGW UP,07:43,UP,67
35,710,SVVR,06:40,MUPR,06:46,UP,6
216,721,MKPD,06:40,MKPR,07:00,DN,20
42,716,MUPR,06:40,SVVR,06:46,DN,6
1,717,PVGW UP,06:41,MKPR,06:59,UP,18
55,715,KKDA DN,06:42,MUPR,06:58,DN,16
38,712,MUPR,06:43,KKDA UP,06:58,UP,15
160,719,PVGW DN,06:45,KKDA DN,07:52,DN,67
188,720,MKPR,06:45,PVGW DN,07:00,DN,15
30,702,KKDA UP,06:48,PVGW UP,07:54,UP,66
43,716,SVVR,06:50,MUPR,06:56,UP,6
51,710,MUPR,06:50,SVVR,06:56,DN,6
69,705,KKDA DN,06:52,MUPR,07:08,DN,16
47,718,MUPR,06:53,KKDA UP,07:08,UP,15
104,722,VND,06:54,KKDA DN,07:21,DN,27
244,723,MKPD,06:55,MKPR,07:15,DN,20
3,709,PVGW UP,06:56,MKPR,07:10,UP,14
5,703,PVGW UP,06:58,MKPR,07:12,UP,14
39,712,KKDA UP,06:58,PVGW UP,08:04,UP,66
79,711,KKDA DN,06:59,MUPR,07:15,DN,16
61,716,MUPR,06:59,SVVR,07:05,DN,6
217,721,MKPR,07:00,PVGW DN,07:15,DN,15
189,720,PVGW DN,07:00,KKDA DN,08:07,DN,67
52,710,SVVR,07:00,MUPR,07:06,UP,6
57,715,MUPR,07:03,KKDA UP,07:18,UP,15
119,724,VND,07:05,KKDA DN,07:32,DN,27
233,717,MKPR,07:07,PVGW DN,07:22,DN,15
65,710,MUPR,07:07,SVVR,07:13,DN,6
62,716,SVVR,07:08,MUPR,07:14,UP,6
48,718,KKDA UP,07:08,PVGW UP,08:14,UP,66
91,706,KKDA DN,07:09,MUPR,07:24,DN,15
71,705,MUPR,07:13,KKDA UP,07:28,UP,15
7,713,PVGW UP,07:13,MKPR,07:27,UP,14
140,725,VND,07:14,KKDA DN,07:41,DN,27
218,721,PVGW DN,07:15,KKDA DN,08:22,DN,67
75,716,MUPR,07:15,SVVR,07:21,DN,6
245,723,MKPR,07:15,PVGW DN,07:30,DN,15
66,710,SVVR,07:16,MUPR,07:22,UP,6
58,715,KKDA UP,07:18,PVGW UP,08:24,UP,66
149,727,VND,07:19,KKDA DN,07:46,DN,27
105,722,KKDA DN,07:21,MUPR,07:37,DN,16
252,709,MKPR,07:22,PVGW DN,07:36,DN,14
291,728,MKPD,07:22,MKPR,07:42,DN,20
111,701,KKDA DN,07:22,MUPR,07:37,DN,15
234,717,PVGW DN,07:22,KKDA DN,08:29,DN,67
85,710,MUPR,07:23,SVVR,07:29,DN,6
81,711,MUPR,07:23,KKDA UP,07:37,UP,14
76,716,SVVR,07:24,MUPR,07:30,UP,6
11,708,PVGW UP,07:25,MKPR,07:39,UP,14
72,705,KKDA UP,07:28,PVGW UP,08:34,UP,66
16,707,PVGW UP,07:29,MKPR,07:43,UP,14
246,723,PVGW DN,07:30,KKDA DN,08:37,DN,67
169,729,VND,07:30,KKDA DN,07:57,DN,27
268,703,MKPR,07:30,PVGW DN,07:43,DN,13
93,706,MUPR,07:31,KKDA UP,07:45,UP,14
97,716,MUPR,07:31,SVVR,07:37,DN,6
86,710,SVVR,07:32,MUPR,07:38,UP,6
120,724,KKDA DN,07:32,MUPR,07:47,DN,15
178,730,VND,07:35,KKDA DN,08:02,DN,27
253,709,PVGW DN,07:36,KKDA DN,08:38,DN,62
280,713,MKPR,07:36,PVGW DN,07:49,DN,13
82,711,KKDA UP,07:37,PVGW UP,08:39,UP,62
131,714,KKDA DN,07:37,MUPR,07:52,DN,15
106,722,MUPR,07:37,SVVR,07:43,DN,6
101,726,MUPR,07:38,KKDA UP,07:52,UP,14
326,731,MKPD,07:40,MKPR,08:00,DN,20
141,725,KKDA DN,07:41,MUPR,07:57,DN,16
98,716,SVVR,07:41,MUPR,07:47,UP,6
292,728,MKPR,07:42,PVGW DN,07:55,DN,13
116,710,MUPR,07:42,SVVR,07:48,DN,6
269,703,PVGW DN,07:43,KKDA DN,08:45,DN,62
22,704,PVGW UP,07:43,MKPR,07:56,UP,13
94,706,KKDA UP,07:45,PVGW UP,08:47,UP,62
198,732,VND,07:45,KKDA DN,08:12,DN,27
112,701,MUPR,07:45,KKDA UP,07:59,UP,14
150,727,KKDA DN,07:46,MUPR,08:01,DN,15
107,722,SVVR,07:46,MUPR,07:52,UP,6
303,708,MKPR,07:48,PVGW DN,08:01,DN,13
125,716,MUPR,07:48,SVVR,07:54,DN,6
281,713,PVGW DN,07:49,KKDA DN,08:51,DN,62
121,724,MUPR,07:50,KKDA UP,08:04,UP,14
349,733,MKPD,07:50,MKPR,08:10,DN,20
207,734,VND,07:50,KKDA DN,08:17,DN,27
102,726,KKDA UP,07:52,PVGW UP,08:54,UP,62
117,710,SVVR,07:52,MUPR,07:58,UP,6
161,719,KKDA DN,07:52,MUPR,08:07,DN,15
137,722,MUPR,07:53,SVVR,07:59,DN,6
31,702,PVGW UP,07:54,MKPR,08:08,UP,14
315,707,MKPR,07:54,PVGW DN,08:07,DN,13
293,728,PVGW DN,07:55,KKDA DN,08:57,DN,62
133,714,MUPR,07:55,KKDA UP,08:09,UP,14
126,716,SVVR,07:57,MUPR,08:03,UP,6
170,729,KKDA DN,07:57,MUPR,08:12,DN,15
113,701,KKDA UP,07:59,PVGW UP,09:01,UP,62
223,735,VND,07:59,KKDA DN,08:26,DN,27
146,710,MUPR,07:59,SVVR,08:05,DN,6
327,731,MKPR,08:00,PVGW DN,08:13,DN,13
142,725,MUPR,08:00,KKDA UP,08:14,UP,14
372,736,MKPD,08:00,MKPR,08:20,DN,20
304,708,PVGW DN,08:01,KKDA DN,09:03,DN,62
179,730,KKDA DN,08:02,MUPR,08:17,DN,15
138,722,SVVR,08:03,MUPR,08:09,UP,6
122,724,KKDA UP,08:04,PVGW UP,09:06,UP,62
155,716,MUPR,08:04,SVVR,08:10,DN,6
40,712,PVGW UP,08:04,MKPR,08:18,UP,14
338,704,MKPR,08:05,PVGW DN,08:18,DN,13
151,727,MUPR,08:05,KKDA UP,08:19,UP,14
190,720,KKDA DN,08:07,MUPR,08:22,DN,15
316,707,PVGW DN,08:07,KKDA DN,09:09,DN,62
147,710,SVVR,08:08,MUPR,08:14,UP,6
134,714,KKDA UP,08:09,PVGW UP,09:11,UP,62
166,722,MUPR,08:10,SVVR,08:16,DN,6
162,719,MUPR,08:10,KKDA UP,08:24,UP,14
391,737,MKPD,08:10,MKPR,08:30,DN,20
350,733,MKPR,08:10,PVGW DN,08:23,DN,13
199,732,KKDA DN,08:12,MUPR,08:27,DN,15
328,731,PVGW DN,08:13,KKDA DN,09:15,DN,62
156,716,SVVR,08:14,MUPR,08:20,UP,6
143,725,KKDA UP,08:14,PVGW UP,09:16,UP,62
49,718,PVGW UP,08:14,MKPR,08:28,UP,14
361,702,MKPR,08:15,PVGW DN,08:28,DN,13
175,710,MUPR,08:15,SVVR,08:21,DN,6
171,729,MUPR,08:15,KKDA UP,08:29,UP,14
208,734,KKDA DN,08:17,MUPR,08:32,DN,15
339,704,PVGW DN,08:18,KKDA DN,09:20,DN,62
167,722,SVVR,08:19,MUPR,08:25,UP,6
152,727,KKDA UP,08:19,PVGW UP,09:21,UP,62
180,730,MUPR,08:20,KKDA UP,08:34,UP,14
373,736,MKPR,08:20,PVGW DN,08:33,DN,13
414,738,MKPD,08:20,MKPR,08:40,DN,20
184,716,MUPR,08:21,SVVR,08:27,DN,6
219,721,KKDA DN,08:22,MUPR,08:37,DN,15
351,733,PVGW DN,08:23,KKDA DN,09:25,DN,62
163,719,KKDA UP,08:24,PVGW UP,09:26,UP,62
59,715,PVGW UP,08:24,MKPR,08:38,UP,14
384,712,MKPR,08:25,PVGW DN,08:38,DN,13
191,720,MUPR,08:25,KKDA UP,08:39,UP,14
176,710,SVVR,08:25,MUPR,08:31,UP,6
195,722,MUPR,08:26,SVVR,08:32,DN,6
224,735,KKDA DN,08:26,MUPR,08:41,DN,15
362,702,PVGW DN,08:28,KKDA DN,09:30,DN,62
235,717,KKDA DN,08:29,MUPR,08:45,DN,16
172,729,KKDA UP,08:29,PVGW UP,09:31,UP,62
392,737,MKPR,08:30,PVGW DN,08:43,DN,13
437,739,MKPD,08:30,MKPR,08:50,DN,20
185,716,SVVR,08:30,MUPR,08:36,UP,6
200,732,MUPR,08:30,KKDA UP,08:44,UP,14
204,710,MUPR,08:32,SVVR,08:38,DN,6
374,736,PVGW DN,08:33,KKDA DN,09:35,DN,62
181,730,KKDA UP,08:34,PVGW UP,09:36,UP,62
73,705,PVGW UP,08:34,MKPR,08:48,UP,14
209,734,MUPR,08:35,KKDA UP,08:49,UP,14
403,718,MKPR,08:35,PVGW DN,08:48,DN,13
196,722,SVVR,08:36,MUPR,08:42,UP,6
247,723,KKDA DN,08:37,MUPR,08:52,DN,15
213,716,MUPR,08:37,SVVR,08:43,DN,6
254,709,KKDA DN,08:38,MUPR,08:52,DN,14
385,712,PVGW DN,08:38,KKDA DN,09:40,DN,62
192,720,KKDA UP,08:39,PVGW UP,09:41,UP,62
83,711,PVGW UP,08:39,MKPR,08:52,UP,13
415,738,MKPR,08:40,PVGW DN,08:53,DN,13
220,721,MUPR,08:40,KKDA UP,08:54,UP,14
205,710,SVVR,08:41,MUPR,08:47,UP,6
470,740,MKPD,08:42,MKPR,09:02,DN,20
393,737,PVGW DN,08:43,KKDA DN,09:45,DN,62
229,722,MUPR,08:43,SVVR,08:49,DN,6
201,732,KKDA UP,08:44,PVGW UP,09:46,UP,62
426,715,MKPR,08:45,PVGW DN,08:58,DN,13
270,703,KKDA DN,08:45,MUPR,09:00,DN,15
225,735,MUPR,08:45,KKDA UP,08:59,UP,14
214,716,SVVR,08:47,MUPR,08:53,UP,6
95,706,PVGW UP,08:47,MKPR,09:00,UP,13
241,710,MUPR,08:48,SVVR,08:54,DN,6
404,718,PVGW DN,08:48,KKDA DN,09:50,DN,62
210,734,KKDA UP,08:49,PVGW UP,09:51,UP,62
438,739,MKPR,08:50,PVGW DN,09:03,DN,13
493,741,MKPD,08:50,MKPR,09:10,DN,20
237,717,MUPR,08:50,KKDA UP,09:04,UP,14
282,713,KKDA DN,08:51,MUPR,09:06,DN,15
230,722,SVVR,08:52,MUPR,08:58,UP,6
416,738,PVGW DN,08:53,KKDA DN,09:55,DN,62
450,705,MKPR,08:54,PVGW DN,09:07,DN,13
221,721,KKDA UP,08:54,PVGW UP,09:56,UP,62
260,716,MUPR,08:54,SVVR,09:00,DN,6
103,726,PVGW UP,08:54,MKPR,09:07,UP,13
248,723,MUPR,08:55,KKDA UP,09:09,UP,14
294,728,KKDA DN,08:57,MUPR,09:12,DN,15
427,715,PVGW DN,08:58,KKDA DN,10:00,DN,62
462,711,MKPR,08:58,PVGW DN,09:11,DN,13
513,742,MKPD,08:58,MKPR,09:18,DN,20
242,710,SVVR,08:58,MUPR,09:04,UP,6
264,722,MUPR,08:59,SVVR,09:05,DN,6
226,735,KKDA UP,08:59,PVGW UP,10:01,UP,62
256,709,MUPR,09:00,KKDA UP,09:14,UP,14
114,701,PVGW UP,09:01,MKPR,09:14,UP,13
471,740,MKPR,09:02,PVGW DN,09:15,DN,13
305,708,KKDA DN,09:03,MUPR,09:18,DN,15
261,716,SVVR,09:03,MUPR,09:09,UP,6
439,739,PVGW DN,09:03,KKDA DN,10:05,DN,62
238,717,KKDA UP,09:04,PVGW UP,10:06,UP,62
276,710,MUPR,09:05,SVVR,09:11,DN,6
272,703,MUPR,09:05,KKDA UP,09:19,UP,14
482,706,MKPR,09:06,PVGW DN,09:19,DN,13
123,724,PVGW UP,09:06,MKPR,09:19,UP,13
451,705,PVGW DN,09:07,KKDA DN,10:09,DN,62
249,723,KKDA UP,09:09,PVGW UP,10:11,UP,62
317,707,KKDA DN,09:09,MUPR,09:24,DN,15
265,722,SVVR,09:09,MUPR,09:15,UP,6
288,716,MUPR,09:10,SVVR,09:16,DN,6
494,741,MKPR,09:10,PVGW DN,09:23,DN,13
284,713,MUPR,09:10,KKDA UP,09:24,UP,14
135,714,PVGW UP,09:11,MKPR,09:24,UP,13
463,711,PVGW DN,09:11,KKDA DN,10:13,DN,62
257,709,KKDA UP,09:14,PVGW UP,10:16,UP,62
277,710,SVVR,09:14,MUPR,09:20,UP,6
502,726,MKPR,09:14,PVGW DN,09:27,DN,13
329,731,KKDA DN,09:15,MUPR,09:30,DN,15
295,728,MUPR,09:15,KKDA UP,09:29,UP,14
472,740,PVGW DN,09:15,KKDA DN,10:17,DN,62
299,722,MUPR,09:16,SVVR,09:22,DN,6
144,725,PVGW UP,09:16,MKPR,09:29,UP,13
514,742,MKPR,09:18,PVGW DN,09:31,DN,13
483,706,PVGW DN,09:19,KKDA DN,10:21,DN,62
273,703,KKDA UP,09:19,PVGW UP,10:21,UP,62
289,716,SVVR,09:20,MUPR,09:26,UP,6
340,704,KKDA DN,09:20,MUPR,09:35,DN,15
307,708,MUPR,09:20,KKDA UP,09:34,UP,14
311,710,MUPR,09:21,SVVR,09:27,DN,6
153,727,PVGW UP,09:21,MKPR,09:34,UP,13
525,701,MKPR,09:22,PVGW DN,09:35,DN,13
495,741,PVGW DN,09:23,KKDA DN,10:25,DN,62
285,713,KKDA UP,09:24,PVGW UP,10:26,UP,62
352,733,KKDA DN,09:25,MUPR,09:40,DN,15
319,707,MUPR,09:25,KKDA UP,09:39,UP,14
300,722,SVVR,09:25,MUPR,09:31,UP,6
537,724,MKPR,09:26,PVGW DN,09:39,DN,13
164,719,PVGW UP,09:26,MKPR,09:39,UP,13
323,716,MUPR,09:27,SVVR,09:33,DN,6
503,726,PVGW DN,09:27,KKDA DN,10:29,DN,62
296,728,KKDA UP,09:29,PVGW UP,10:31,UP,62
363,702,KKDA DN,09:30,MUPR,09:45,DN,15
545,714,MKPR,09:30,PVGW DN,09:43,DN,13
173,729,PVGW UP,09:31,MKPR,09:44,UP,13
330,731,MUPR,09:31,KKDA UP,09:45,UP,14
515,742,PVGW DN,09:31,KKDA DN,10:33,DN,62
312,710,SVVR,09:31,MUPR,09:37,UP,6
334,722,MUPR,09:32,SVVR,09:38,DN,6
308,708,KKDA UP,09:34,PVGW UP,10:36,UP,62
557,725,MKPR,09:35,PVGW DN,09:48,DN,13
526,701,PVGW DN,09:35,KKDA DN,10:37,DN,62
375,736,KKDA DN,09:35,MUPR,09:50,DN,15
342,704,MUPR,09:36,KKDA UP,09:50,UP,14
182,730,PVGW UP,09:36,MKPR,09:49,UP,13
324,716,SVVR,09:36,MUPR,09:42,UP,6
346,710,MUPR,09:38,SVVR,09:44,DN,6
538,724,PVGW DN,09:39,KKDA DN,10:41,DN,62
320,707,KKDA UP,09:39,PVGW UP,10:41,UP,62
386,712,KKDA DN,09:40,MUPR,09:55,DN,15
569,727,MKPR,09:40,PVGW DN,09:53,DN,13
193,720,PVGW UP,09:41,MKPR,09:54,UP,13
353,733,MUPR,09:41,KKDA UP,09:55,UP,14
335,722,SVVR,09:42,MUPR,09:48,UP,6
357,716,MUPR,09:43,SVVR,09:49,DN,6
546,714,PVGW DN,09:43,KKDA DN,10:45,DN,62
331,731,KKDA UP,09:45,PVGW UP,10:47,UP,62
394,737,KKDA DN,09:45,MUPR,10:00,DN,15
581,719,MKPR,09:45,PVGW DN,09:58,DN,13
365,702,MUPR,09:46,KKDA UP,10:00,UP,14
202,732,PVGW UP,09:46,MKPR,09:59,UP,13
347,710,SVVR,09:47,MUPR,09:53,UP,6
558,725,PVGW DN,09:48,KKDA DN,10:50,DN,62
589,729,MKPR,09:49,PVGW DN,10:03,DN,14
369,722,MUPR,09:49,SVVR,09:55,DN,6
343,704,KKDA UP,09:50,PVGW UP,10:52,UP,62
405,718,KKDA DN,09:50,MUPR,10:05,DN,15
376,736,MUPR,09:51,KKDA UP,10:05,UP,14
211,734,PVGW UP,09:51,MKPR,10:04,UP,13
570,727,PVGW DN,09:53,KKDA DN,10:55,DN,62
358,716,SVVR,09:53,MUPR,09:59,UP,6
380,710,MUPR,09:54,SVVR,10:00,DN,6
417,738,KKDA DN,09:55,MUPR,10:10,DN,15
354,733,KKDA UP,09:55,PVGW UP,10:57,UP,62
601,730,MKPR,09:55,PVGW DN,10:08,DN,13
388,712,MUPR,09:56,KKDA UP,10:10,UP,14
222,721,PVGW UP,09:56,MKPR,10:09,UP,13
370,722,SVVR,09:58,MUPR,10:04,UP,6
582,719,PVGW DN,09:58,KKDA DN,11:00,DN,62
428,715,KKDA DN,10:00,MUPR,10:15,DN,15
399,716,MUPR,10:00,SVVR,10:06,DN,6
366,702,KKDA UP,10:00,PVGW UP,11:02,UP,62
613,720,MKPR,10:00,PVGW DN,10:13,DN,13
227,735,PVGW UP,10:01,MKPR,10:14,UP,13
395,737,MUPR,10:01,KKDA UP,10:15,UP,14
590,729,PVGW DN,10:03,KKDA DN,11:05,DN,62
381,710,SVVR,10:04,MUPR,10:10,UP,6
440,739,KKDA DN,10:05,MUPR,10:20,DN,15
377,736,KKDA UP,10:05,PVGW UP,11:07,UP,62
411,722,MUPR,10:05,SVVR,10:11,DN,6
625,732,MKPR,10:05,PVGW DN,10:18,DN,13
239,717,PVGW UP,10:06,MKPR,10:19,UP,13
407,718,MUPR,10:06,KKDA UP,10:20,UP,14
602,730,PVGW DN,10:08,KKDA DN,11:10,DN,62
452,705,KKDA DN,10:09,MUPR,10:24,DN,15
400,716,SVVR,10:09,MUPR,10:15,UP,6
637,734,MKPR,10:10,PVGW DN,10:23,DN,13
389,712,KKDA UP,10:10,PVGW UP,11:12,UP,62
422,710,MUPR,10:11,SVVR,10:17,DN,6
250,723,PVGW UP,10:11,MKPR,10:24,UP,13
418,738,MUPR,10:11,KKDA UP,10:25,UP,14
614,720,PVGW DN,10:13,KKDA DN,11:15,DN,62
464,711,KKDA DN,10:13,MUPR,10:28,DN,15
412,722,SVVR,10:15,MUPR,10:21,UP,6
396,737,KKDA UP,10:15,PVGW UP,11:17,UP,62
649,721,MKPR,10:15,PVGW DN,10:28,DN,13
434,716,MUPR,10:16,SVVR,10:22,DN,6
258,709,PVGW UP,10:16,MKPR,10:29,UP,13
430,715,MUPR,10:16,KKDA UP,10:30,UP,14
473,740,KKDA DN,10:17,MUPR,10:32,DN,15
626,732,PVGW DN,10:18,KKDA DN,11:20,DN,62
423,710,SVVR,10:20,MUPR,10:26,UP,6
408,718,KKDA UP,10:20,PVGW UP,11:22,UP,62
657,735,MKPR,10:20,PVGW DN,10:33,DN,13
441,739,MUPR,10:21,KKDA UP,10:35,UP,14
484,706,KKDA DN,10:21,MUPR,10:36,DN,15
274,703,PVGW UP,10:21,MKPR,10:34,UP,13
446,722,MUPR,10:22,SVVR,10:28,DN,6
638,734,PVGW DN,10:23,KKDA DN,11:25,DN,62
669,717,MKPR,10:25,PVGW DN,10:38,DN,13
496,741,KKDA DN,10:25,MUPR,10:40,DN,15
419,738,KKDA UP,10:25,PVGW UP,11:27,UP,62
286,713,PVGW UP,10:26,MKPR,10:39,UP,13
435,716,SVVR,10:26,MUPR,10:32,UP,6
454,705,MUPR,10:26,KKDA UP,10:40,UP,14
458,710,MUPR,10:27,SVVR,10:33,DN,6
650,721,PVGW DN,10:28,KKDA DN,11:30,DN,62
504,726,KKDA DN,10:29,MUPR,10:44,DN,15
431,715,KKDA UP,10:30,PVGW UP,11:32,UP,62
681,723,MKPR,10:30,PVGW DN,10:43,DN,13
297,728,PVGW UP,10:31,MKPR,10:44,UP,13
447,722,SVVR,10:31,MUPR,10:37,UP,6
466,711,MUPR,10:31,KKDA UP,10:45,UP,14
658,735,PVGW DN,10:33,KKDA DN,11:35,DN,62
516,742,KKDA DN,10:33,MUPR,10:48,DN,15
478,716,MUPR,10:33,SVVR,10:39,DN,6
442,739,KKDA UP,10:35,PVGW UP,11:37,UP,62
693,709,MKPR,10:35,PVGW DN,10:48,DN,13
474,740,MUPR,10:35,KKDA UP,10:49,UP,14
309,708,PVGW UP,10:36,MKPR,10:49,UP,13
527,701,KKDA DN,10:37,MUPR,10:52,DN,15
459,710,SVVR,10:37,MUPR,10:43,UP,6
670,717,PVGW DN,10:38,KKDA DN,11:40,DN,62
490,722,MUPR,10:38,SVVR,10:44,DN,6
486,706,MUPR,10:39,KKDA UP,10:53,UP,14
701,703,MKPR,10:40,PVGW DN,10:53,DN,13
455,705,KKDA UP,10:40,PVGW UP,11:42,UP,62
321,707,PVGW UP,10:41,MKPR,10:54,UP,13
539,724,KKDA DN,10:41,MUPR,10:56,DN,15
479,716,SVVR,10:42,MUPR,10:48,UP,6
682,723,PVGW DN,10:43,KKDA DN,11:45,DN,62
497,741,MUPR,10:44,KKDA UP,10:58,UP,14
510,710,MUPR,10:44,SVVR,10:50,DN,6
547,714,KKDA DN,10:45,MUPR,11:00,DN,15
467,711,KKDA UP,10:45,PVGW UP,11:47,UP,62
713,713,MKPR,10:45,PVGW DN,10:58,DN,13
506,726,MUPR,10:47,KKDA UP,11:01,UP,14
332,731,PVGW UP,10:47,MKPR,11:00,UP,13
491,722,SVVR,10:48,MUPR,10:54,UP,6
694,709,PVGW DN,10:48,KKDA DN,11:50,DN,62
475,740,KKDA UP,10:49,PVGW UP,11:51,UP,62
521,716,MUPR,10:49,SVVR,10:55,DN,6
517,742,MUPR,10:50,KKDA UP,11:04,UP,14
559,725,KKDA DN,10:50,MUPR,11:05,DN,15
725,728,MKPR,10:50,PVGW DN,11:03,DN,13
344,704,PVGW UP,10:52,MKPR,11:05,UP,13
487,706,KKDA UP,10:53,PVGW UP,11:55,UP,62
702,703,PVGW DN,10:53,KKDA DN,11:55,DN,62
511,710,SVVR,10:53,MUPR,10:59,UP,6
533,722,MUPR,10:55,SVVR,11:01,DN,6
571,727,KKDA DN,10:55,MUPR,11:10,DN,15
737,708,MKPR,10:55,PVGW DN,11:08,DN,13
529,701,MUPR,10:55,KKDA UP,11:09,UP,14
355,733,PVGW UP,10:57,MKPR,11:10,UP,13
714,713,PVGW DN,10:58,KKDA DN,12:00,DN,62
498,741,KKDA UP,10:58,PVGW UP,12:00,UP,62
522,716,SVVR,10:59,MUPR,11:05,UP,6
541,724,MUPR,11:00,KKDA UP,11:14,UP,14
583,719,KKDA DN,11:00,MUPR,11:15,DN,15
749,707,MKPR,11:00,PVGW DN,11:13,DN,13
553,710,MUPR,11:00,SVVR,11:06,DN,6
507,726,KKDA UP,11:01,PVGW UP,12:03,UP,62
367,702,PVGW UP,11:02,MKPR,11:15,UP,13
726,728,PVGW DN,11:03,KKDA DN,12:05,DN,62
549,714,MUPR,11:04,KKDA UP,11:20,UP,16
518,742,KKDA UP,11:04,PVGW UP,12:06,UP,62
534,722,SVVR,11:04,MUPR,11:10,UP,6
591,729,KKDA DN,11:05,MUPR,11:19,DN,14
761,731,MKPR,11:06,PVGW DN,11:20,DN,14
378,736,PVGW UP,11:07,MKPR,11:20,UP,13
565,716,MUPR,11:07,SVVR,11:13,DN,6
561,725,MUPR,11:08,KKDA UP,11:23,UP,15
738,708,PVGW DN,11:08,KKDA DN,12:10,DN,62
530,701,KKDA UP,11:09,PVGW UP,12:11,UP,62
603,730,KKDA DN,11:10,MUPR,11:25,DN,15
573,727,MUPR,11:11,KKDA UP,11:26,UP,15
390,712,PVGW UP,11:12,MKPR,11:25,UP,13
554,710,SVVR,11:12,MUPR,11:18,UP,6
773,704,MKPR,11:12,PVGW DN,11:26,DN,14
750,707,PVGW DN,11:13,KKDA DN,12:15,DN,62
577,722,MUPR,11:13,SVVR,11:19,DN,6
542,724,KKDA UP,11:14,PVGW UP,12:16,UP,62
615,720,KKDA DN,11:15,MUPR,11:30,DN,15
397,737,PVGW UP,11:17,MKPR,11:30,UP,13
585,719,MUPR,11:17,KKDA UP,11:32,UP,15
566,716,SVVR,11:18,MUPR,11:24,UP,6
785,733,MKPR,11:18,PVGW DN,11:32,DN,14
597,710,MUPR,11:19,SVVR,11:25,DN,6
627,732,KKDA DN,11:20,MUPR,11:35,DN,15
762,731,PVGW DN,11:20,KKDA DN,12:22,DN,62
550,714,KKDA UP,11:20,PVGW UP,12:25,UP,65
409,718,PVGW UP,11:22,MKPR,11:35,UP,13
562,725,KKDA UP,11:23,IPE,11:30,UP,7
593,729,MUPR,11:23,KKDA UP,11:39,UP,16
797,702,MKPR,11:24,PVGW DN,11:38,DN,14
578,722,SVVR,11:24,MUPR,11:31,UP,7
639,734,KKDA DN,11:25,MUPR,11:40,DN,15
774,704,PVGW DN,11:26,KKDA DN,12:28,DN,62
574,727,KKDA UP,11:26,PVGW UP,12:32,UP,66
809,736,MKPR,11:26,PVGW DN,11:41,DN,15
609,716,MUPR,11:26,SVVR,11:32,DN,6
420,738,PVGW UP,11:27,MKPR,11:40,UP,13
605,730,MUPR,11:29,KKDA UP,11:44,UP,15
563,725,IPE,11:30,VND,11:50,UP,20
651,721,KKDA DN,11:30,MUPR,11:45,DN,15
598,710,SVVR,11:31,MUPR,11:37,UP,6
821,712,MKPR,11:32,PVGW DN,11:47,DN,15
786,733,PVGW DN,11:32,KKDA DN,12:34,DN,62
621,722,MUPR,11:32,SVVR,11:38,DN,6
432,715,PVGW UP,11:32,MKPR,11:45,UP,13
586,719,KKDA UP,11:32,PVGW UP,12:38,UP,66
617,720,MUPR,11:34,KKDA UP,11:49,UP,15
659,735,KKDA DN,11:35,MUPR,11:50,DN,15
629,732,MUPR,11:36,KKDA UP,11:51,UP,15
443,739,PVGW UP,11:37,MKPR,11:50,UP,13
610,716,SVVR,11:37,MUPR,11:43,UP,6
798,702,PVGW DN,11:38,KKDA DN,12:40,DN,62
833,737,MKPR,11:38,PVGW DN,11:53,DN,15
633,710,MUPR,11:38,SVVR,11:44,DN,6
594,729,KKDA UP,11:39,PVGW UP,12:44,UP,65
671,717,KKDA DN,11:40,MUPR,11:55,DN,15
641,734,MUPR,11:41,KKDA UP,11:56,UP,15
810,736,PVGW DN,11:41,KKDA DN,12:48,DN,67
456,705,PVGW UP,11:42,MKPR,11:55,UP,13
622,722,SVVR,11:43,MUPR,11:50,UP,7
606,730,KKDA UP,11:44,PVGW UP,12:50,UP,66
845,718,MKPR,11:44,PVGW DN,11:59,DN,15
683,723,KKDA DN,11:45,MUPR,12:00,DN,15
645,716,MUPR,11:45,SVVR,11:51,DN,6
653,721,MUPR,11:47,KKDA UP,12:02,UP,15
468,711,PVGW UP,11:47,MKPR,12:00,UP,13
822,712,PVGW DN,11:47,KKDA DN,12:54,DN,67
618,720,KKDA UP,11:49,PVGW UP,12:55,UP,66
444,739,MKPR,11:50,MKPD,12:10,UP,20
695,709,KKDA DN,11:50,MUPR,12:05,DN,15
634,710,SVVR,11:50,MUPR,11:56,UP,6
857,738,MKPR,11:50,PVGW DN,12:05,DN,15
665,722,MUPR,11:51,SVVR,11:57,DN,6
630,732,KKDA UP,11:51,IPE,11:59,UP,8
476,740,PVGW UP,11:51,MKPR,12:04,UP,13
661,735,MUPR,11:53,KKDA UP,12:08,UP,15
834,737,PVGW DN,11:53,KKDA DN,13:00,DN,67
703,703,KKDA DN,11:55,MUPR,12:10,DN,15
488,706,PVGW UP,11:55,MKPR,12:08,UP,13
642,734,KKDA UP,11:56,PVGW UP,13:02,UP,66
869,715,MKPR,11:56,PVGW DN,12:11,DN,15
646,716,SVVR,11:56,MUPR,12:02,UP,6
677,710,MUPR,11:57,SVVR,12:03,DN,6
631,732,IPE,11:59,VND,12:19,UP,20
846,718,PVGW DN,11:59,KKDA DN,13:06,DN,67
673,717,MUPR,11:59,KKDA UP,12:14,UP,15
715,713,KKDA DN,12:00,MUPR,12:15,DN,15
499,741,PVGW UP,12:00,MKPR,12:13,UP,13
469,711,MKPR,12:00,MKPD,12:20,UP,20
666,722,SVVR,12:02,MUPR,12:09,UP,7
654,721,KKDA UP,12:02,PVGW UP,13:08,UP,66
508,726,PVGW UP,12:03,MKPR,12:16,UP,13
881,705,MKPR,12:03,PVGW DN,12:18,DN,15
689,716,MUPR,12:04,SVVR,12:10,DN,6
685,723,MUPR,12:05,KKDA UP,12:20,UP,15
727,728,KKDA DN,12:05,MUPR,12:20,DN,15
858,738,PVGW DN,12:05,KKDA DN,13:12,DN,67
519,742,PVGW UP,12:06,MKPR,12:19,UP,13
697,709,MUPR,12:07,KKDA UP,12:22,UP,15
662,735,KKDA UP,12:08,PVGW UP,13:14,UP,66
678,710,SVVR,12:09,MUPR,12:15,UP,6
893,740,MKPR,12:09,PVGW DN,12:24,DN,15
709,722,MUPR,12:10,SVVR,12:16,DN,6
739,708,KKDA DN,12:10,MUPR,12:25,DN,15
705,703,MUPR,12:11,KKDA UP,12:26,UP,15
531,701,PVGW UP,12:11,MKPR,12:24,UP,13
870,715,PVGW DN,12:11,KKDA DN,13:19,DN,68
500,741,MKPR,12:13,MKPD,12:33,UP,20
674,717,KKDA UP,12:14,PVGW UP,13:20,UP,66
690,716,SVVR,12:15,MUPR,12:21,UP,6
751,707,KKDA DN,12:15,MUPR,12:30,DN,15
905,706,MKPR,12:15,PVGW DN,12:30,DN,15
543,724,PVGW UP,12:16,MKPR,12:29,UP,13
721,710,MUPR,12:16,SVVR,12:22,DN,6
717,713,MUPR,12:16,KKDA UP,12:31,UP,15
882,705,PVGW DN,12:18,KKDA DN,13:25,DN,67
686,723,KKDA UP,12:20,PVGW UP,13:26,UP,66
710,722,SVVR,12:21,MUPR,12:28,UP,7
917,726,MKPR,12:21,PVGW DN,12:36,DN,15
763,731,KKDA DN,12:22,MUPR,12:36,DN,14
698,709,KKDA UP,12:22,IPE,12:30,UP,8
729,728,MUPR,12:22,KKDA UP,12:38,UP,16
733,716,MUPR,12:23,SVVR,12:29,DN,6
894,740,PVGW DN,12:24,KKDA DN,13:31,DN,67
551,714,PVGW UP,12:25,MKPR,12:40,UP,15
706,703,KKDA UP,12:26,PVGW UP,13:32,UP,66
929,742,MKPR,12:27,PVGW DN,12:42,DN,15
775,704,KKDA DN,12:28,MUPR,12:42,DN,14
722,710,SVVR,12:28,MUPR,12:34,UP,6
745,722,MUPR,12:29,SVVR,12:35,DN,6
741,708,MUPR,12:29,KKDA UP,12:44,UP,15
906,706,PVGW DN,12:30,KKDA DN,13:37,DN,67
699,709,IPE,12:30,VND,12:50,UP,20
718,713,KKDA UP,12:31,PVGW UP,13:37,UP,66
575,727,PVGW UP,12:32,MKPR,12:46,UP,14
941,701,MKPR,12:33,PVGW DN,12:48,DN,15
787,733,KKDA DN,12:34,MUPR,12:48,DN,14
734,716,SVVR,12:34,MUPR,12:40,UP,6
757,710,MUPR,12:35,SVVR,12:41,DN,6
753,707,MUPR,12:35,KKDA UP,12:50,UP,15
918,726,PVGW DN,12:36,KKDA DN,13:43,DN,67
730,728,KKDA UP,12:38,PVGW UP,13:43,UP,65
587,719,PVGW UP,12:38,MKPR,12:53,UP,15
799,702,KKDA DN,12:40,MUPR,12:54,DN,14
953,724,MKPR,12:40,PVGW DN,12:55,DN,15
746,722,SVVR,12:40,MUPR,12:47,UP,7
765,731,MUPR,12:41,KKDA UP,12:56,UP,15
769,716,MUPR,12:42,SVVR,12:48,DN,6
930,742,PVGW DN,12:42,KKDA DN,13:49,DN,67
742,708,KKDA UP,12:44,PVGW UP,13:50,UP,66
595,729,PVGW UP,12:44,MKPR,12:59,UP,15
965,714,MKPR,12:46,PVGW DN,13:01,DN,15
777,704,MUPR,12:47,KKDA UP,13:02,UP,15
758,710,SVVR,12:47,MUPR,12:53,UP,6
781,722,MUPR,12:48,SVVR,12:54,DN,6
942,701,PVGW DN,12:48,KKDA DN,13:56,DN,68
811,736,KKDA DN,12:48,MUPR,13:03,DN,15
607,730,PVGW UP,12:50,MKPR,13:04,UP,14
754,707,KKDA UP,12:50,PVGW UP,13:56,UP,66
977,727,MKPR,12:52,PVGW DN,13:07,DN,15
770,716,SVVR,12:53,MUPR,12:59,UP,6
789,733,MUPR,12:53,KKDA UP,13:08,UP,15
793,710,MUPR,12:54,SVVR,13:00,DN,6
823,712,KKDA DN,12:54,MUPR,13:10,DN,16
619,720,PVGW UP,12:55,MKPR,13:09,UP,14
954,724,PVGW DN,12:55,KKDA DN,14:02,DN,67
766,731,KKDA UP,12:56,PVGW UP,14:02,UP,66
989,719,MKPR,12:58,PVGW DN,13:13,DN,15
782,722,SVVR,12:59,MUPR,13:06,UP,7
801,702,MUPR,12:59,KKDA UP,13:15,UP,16
835,737,KKDA DN,13:00,MUPR,13:16,DN,16
805,716,MUPR,13:01,SVVR,13:07,DN,6
966,714,PVGW DN,13:01,KKDA DN,14:08,DN,67
778,704,KKDA UP,13:02,PVGW UP,14:08,UP,66
643,734,PVGW UP,13:02,MKPR,13:17,UP,15
1001,729,MKPR,13:04,PVGW DN,13:19,DN,15
794,710,SVVR,13:06,MUPR,13:12,UP,6
847,718,KKDA DN,13:06,MUPR,13:22,DN,16
813,736,MUPR,13:06,KKDA UP,13:21,UP,15
978,727,PVGW DN,13:07,KKDA DN,14:14,DN,67
817,722,MUPR,13:07,SVVR,13:13,DN,6
790,733,KKDA UP,13:08,PVGW UP,14:14,UP,66
655,721,PVGW UP,13:08,MKPR,13:22,UP,14
1013,730,MKPR,13:10,PVGW DN,13:25,DN,15
806,716,SVVR,13:12,MUPR,13:18,UP,6
825,712,MUPR,13:12,KKDA UP,13:27,UP,15
859,738,KKDA DN,13:12,MUPR,13:28,DN,16
990,719,PVGW DN,13:13,KKDA DN,14:20,DN,67
829,710,MUPR,13:13,SVVR,13:19,DN,6
663,735,PVGW UP,13:14,MKPR,13:28,UP,14
802,702,KKDA UP,13:15,PVGW UP,14:20,UP,65
1021,720,MKPR,13:17,PVGW DN,13:32,DN,15
837,737,MUPR,13:18,KKDA UP,13:33,UP,15
818,722,SVVR,13:18,MUPR,13:25,UP,7
1002,729,PVGW DN,13:19,KKDA DN,14:26,DN,67
871,715,KKDA DN,13:19,MUPR,13:34,DN,15
675,717,PVGW UP,13:20,MKPR,13:34,UP,14
841,716,MUPR,13:20,SVVR,13:26,DN,6
814,736,KKDA UP,13:21,PVGW UP,14:27,UP,66
1033,734,MKPR,13:23,PVGW DN,13:38,DN,15
849,718,MUPR,13:24,KKDA UP,13:39,UP,15
1014,730,PVGW DN,13:25,KKDA DN,14:33,DN,68
830,710,SVVR,13:25,MUPR,13:31,UP,6
883,705,KKDA DN,13:25,MUPR,13:40,DN,15
853,722,MUPR,13:26,SVVR,13:32,DN,6
687,723,PVGW UP,13:26,MKPR,13:40,UP,14
826,712,KKDA UP,13:27,PVGW UP,14:33,UP,66
1045,721,MKPR,13:29,PVGW DN,13:44,DN,15
861,738,MUPR,13:30,KKDA UP,13:45,UP,15
895,740,KKDA DN,13:31,MUPR,13:47,DN,16
842,716,SVVR,13:31,MUPR,13:37,UP,6
865,710,MUPR,13:32,SVVR,13:38,DN,6
1022,720,PVGW DN,13:32,KKDA DN,14:39,DN,67
707,703,PVGW UP,13:32,MKPR,13:47,UP,15
838,737,KKDA UP,13:33,PVGW UP,14:39,UP,66
1057,735,MKPR,13:35,PVGW DN,13:50,DN,15
873,715,MUPR,13:36,KKDA UP,13:52,UP,16
854,722,SVVR,13:37,MUPR,13:44,UP,7
719,713,PVGW UP,13:37,MKPR,13:52,UP,15
907,706,KKDA DN,13:37,MUPR,13:53,DN,16
1034,734,PVGW DN,13:38,KKDA DN,14:45,DN,67
850,718,KKDA UP,13:39,PVGW UP,14:45,UP,66
877,716,MUPR,13:39,SVVR,13:45,DN,6
1069,717,MKPR,13:41,PVGW DN,13:56,DN,15
731,728,PVGW UP,13:43,MKPR,13:58,UP,15
885,705,MUPR,13:43,KKDA UP,13:58,UP,15
919,726,KKDA DN,13:43,MUPR,13:59,DN,16
1046,721,PVGW DN,13:44,KKDA DN,14:51,DN,67
866,710,SVVR,13:44,MUPR,13:50,UP,6
862,738,KKDA UP,13:45,PVGW UP,14:51,UP,66
889,722,MUPR,13:45,SVVR,13:51,DN,6
1081,723,MKPR,13:47,PVGW DN,14:02,DN,15
897,740,MUPR,13:49,KKDA UP,14:04,UP,15
931,742,KKDA DN,13:49,MUPR,14:05,DN,16
878,716,SVVR,13:50,MUPR,13:56,UP,6
1058,735,PVGW DN,13:50,KKDA DN,14:57,DN,67
743,708,PVGW UP,13:50,MKPR,14:04,UP,14
901,710,MUPR,13:51,SVVR,13:57,DN,6
874,715,KKDA UP,13:52,PVGW UP,14:57,UP,65
1093,703,MKPR,13:54,PVGW DN,14:09,DN,15
909,706,MUPR,13:55,KKDA UP,14:10,UP,15
1070,717,PVGW DN,13:56,KKDA DN,15:03,DN,67
943,701,KKDA DN,13:56,MUPR,14:11,DN,15
890,722,SVVR,13:56,MUPR,14:03,UP,7
755,707,PVGW UP,13:56,MKPR,14:10,UP,14
913,716,MUPR,13:58,SVVR,14:04,DN,6
886,705,KKDA UP,13:58,PVGW UP,15:04,UP,66
1105,713,MKPR,14:00,PVGW DN,14:15,DN,15
921,726,MUPR,14:01,KKDA UP,14:16,UP,15
767,731,PVGW UP,14:02,MKPR,14:16,UP,14
955,724,KKDA DN,14:02,MUPR,14:17,DN,15
1082,723,PVGW DN,14:02,KKDA DN,15:10,DN,68
902,710,SVVR,14:03,MUPR,14:09,UP,6
925,722,MUPR,14:04,SVVR,14:10,DN,6
898,740,KKDA UP,14:04,PVGW UP,15:10,UP,66
1117,728,MKPR,14:06,PVGW DN,14:21,DN,15
933,742,MUPR,14:07,KKDA UP,14:22,UP,15
779,704,PVGW UP,14:08,MKPR,14:22,UP,14
967,714,KKDA DN,14:08,MUPR,14:24,DN,16
1094,703,PVGW DN,14:09,KKDA DN,15:16,DN,67
914,716,SVVR,14:09,MUPR,14:15,UP,6
910,706,KKDA UP,14:10,PVGW UP,15:16,UP,66
937,710,MUPR,14:10,SVVR,14:16,DN,6
1129,708,MKPR,14:12,PVGW DN,14:27,DN,15
945,701,MUPR,14:13,KKDA UP,14:29,UP,16
791,733,PVGW UP,14:14,MKPR,14:29,UP,15
979,727,KKDA DN,14:14,MUPR,14:30,DN,16
926,722,SVVR,14:15,MUPR,14:22,UP,7
1106,713,PVGW DN,14:15,KKDA DN,15:22,DN,67
922,726,KKDA UP,14:16,PVGW UP,15:22,UP,66
949,716,MUPR,14:17,SVVR,14:23,DN,6
1141,707,MKPR,14:18,PVGW DN,14:33,DN,15
803,702,PVGW UP,14:20,MKPR,14:35,UP,15
957,724,MUPR,14:20,KKDA UP,14:35,UP,15
991,719,KKDA DN,14:20,MUPR,14:36,DN,16
1118,728,PVGW DN,14:21,KKDA DN,15:28,DN,67
934,742,KKDA UP,14:22,PVGW UP,15:28,UP,66
938,710,SVVR,14:22,MUPR,14:28,UP,6
961,722,MUPR,14:23,SVVR,14:29,DN,6
1153,731,MKPR,14:24,PVGW DN,14:39,DN,15
969,714,MUPR,14:26,KKDA UP,14:41,UP,15
1003,729,KKDA DN,14:26,MUPR,14:42,DN,16
815,736,PVGW UP,14:27,MKPR,14:41,UP,14
1130,708,PVGW DN,14:27,KKDA DN,15:34,DN,67
950,716,SVVR,14:28,MUPR,14:34,UP,6
946,701,KKDA UP,14:29,PVGW UP,15:34,UP,65
973,710,MUPR,14:29,SVVR,14:35,DN,6
1165,704,MKPR,14:31,PVGW DN,14:46,DN,15
981,727,MUPR,14:32,KKDA UP,14:47,UP,15
1015,730,KKDA DN,14:33,MUPR,14:48,DN,15
827,712,PVGW UP,14:33,MKPR,14:47,UP,14
1142,707,PVGW DN,14:33,KKDA DN,15:40,DN,67
962,722,SVVR,14:34,MUPR,14:41,UP,7
958,724,KKDA UP,14:35,PVGW UP,15:41,UP,66
985,716,MUPR,14:36,SVVR,14:42,DN,6
1183,733,MKPR,14:37,PVGW DN,14:52,DN,15
993,719,MUPR,14:38,KKDA UP,14:53,UP,15
839,737,PVGW UP,14:39,MKPR,14:53,UP,14
1023,720,KKDA DN,14:39,MUPR,14:54,DN,15
1154,731,PVGW DN,14:39,KKDA DN,15:47,DN,68
974,710,SVVR,14:41,MUPR,14:47,UP,6
970,714,KKDA UP,14:41,PVGW UP,15:47,UP,66
997,722,MUPR,14:42,SVVR,14:48,DN,6
1195,702,MKPR,14:43,PVGW DN,14:58,DN,15
1005,729,MUPR,14:44,KKDA UP,14:59,UP,15
1035,734,KKDA DN,14:45,MUPR,15:01,DN,16
851,718,PVGW UP,14:45,MKPR,14:59,UP,14
1166,704,PVGW DN,14:46,KKDA DN,15:53,DN,67
982,727,KKDA UP,14:47,PVGW UP,15:53,UP,66
986,716,SVVR,14:47,MUPR,14:53,UP,6
1009,710,MUPR,14:48,SVVR,14:54,DN,6
1207,736,MKPR,14:49,PVGW DN,15:04,DN,15
1017,730,MUPR,14:50,KKDA UP,15:06,UP,16
863,738,PVGW UP,14:51,MKPR,15:06,UP,15
1047,721,KKDA DN,14:51,MUPR,15:07,DN,16
1184,733,PVGW DN,14:52,KKDA DN,15:59,DN,67
998,722,SVVR,14:53,MUPR,15:00,UP,7
994,719,KKDA UP,14:53,PVGW UP,15:59,UP,66
1029,716,MUPR,14:55,SVVR,15:01,DN,6
1219,712,MKPR,14:55,PVGW DN,15:10,DN,15
1059,735,KKDA DN,14:57,MUPR,15:13,DN,16
1025,720,MUPR,14:57,KKDA UP,15:12,UP,15
875,715,PVGW UP,14:57,MKPR,15:12,UP,15
1196,702,PVGW DN,14:58,KKDA DN,16:05,DN,67
1006,729,KKDA UP,14:59,PVGW UP,16:05,UP,66
1010,710,SVVR,15:00,MUPR,15:06,UP,6
1041,722,MUPR,15:01,SVVR,15:07,DN,6
1071,717,KKDA DN,15:03,MUPR,15:19,DN,16
1227,737,MKPR,15:03,PVGW DN,15:16,DN,13
1037,734,MUPR,15:03,KKDA UP,15:18,UP,15
1208,736,PVGW DN,15:04,KKDA DN,16:11,DN,67
887,705,PVGW UP,15:04,MKPR,15:18,UP,14
1030,716,SVVR,15:06,MUPR,15:12,UP,6
1018,730,KKDA UP,15:06,PVGW UP,16:11,UP,65
1053,710,MUPR,15:07,SVVR,15:13,DN,6
1049,721,MUPR,15:09,KKDA UP,15:24,UP,15
1220,712,PVGW DN,15:10,KKDA DN,16:17,DN,67
899,740,PVGW UP,15:10,MKPR,15:24,UP,14
1083,723,KKDA DN,15:10,MUPR,15:25,DN,15
1239,718,MKPR,15:10,PVGW DN,15:23,DN,13
1026,720,KKDA UP,15:12,PVGW UP,16:18,UP,66
1042,722,SVVR,15:12,MUPR,15:19,UP,7
1065,716,MUPR,15:14,SVVR,15:20,DN,6
1061,735,MUPR,15:15,KKDA UP,15:30,UP,15
1228,737,PVGW DN,15:16,KKDA DN,16:18,DN,62
1095,703,KKDA DN,15:16,MUPR,15:31,DN,15
911,706,PVGW UP,15:16,MKPR,15:30,UP,14
1251,738,MKPR,15:17,PVGW DN,15:30,DN,13
1038,734,KKDA UP,15:18,PVGW UP,16:24,UP,66
1054,710,SVVR,15:19,MUPR,15:25,UP,6
1077,722,MUPR,15:20,SVVR,15:26,DN,6
1073,717,MUPR,15:21,KKDA UP,15:36,UP,15
923,726,PVGW UP,15:22,MKPR,15:36,UP,14
1107,713,KKDA DN,15:22,MUPR,15:38,DN,16
1240,718,PVGW DN,15:23,KKDA DN,16:25,DN,62
1269,715,MKPR,15:24,PVGW DN,15:37,DN,13
1050,721,KKDA UP,15:24,PVGW UP,16:30,UP,66
1066,716,SVVR,15:25,MUPR,15:31,UP,6
1089,710,MUPR,15:26,SVVR,15:32,DN,6
1085,723,MUPR,15:27,KKDA UP,15:43,UP,16
935,742,PVGW UP,15:28,MKPR,15:43,UP,15
1119,728,KKDA DN,15:28,MUPR,15:44,DN,16
1062,735,KKDA UP,15:30,PVGW UP,16:36,UP,66
1252,738,PVGW DN,15:30,KKDA DN,16:32,DN,62
1281,705,MKPR,15:30,PVGW DN,15:43,DN,13
1078,722,SVVR,15:31,MUPR,15:38,UP,7
1101,716,MUPR,15:33,SVVR,15:39,DN,6
947,701,PVGW UP,15:34,MKPR,15:49,UP,15
1131,708,KKDA DN,15:34,MUPR,15:50,DN,16
1097,703,MUPR,15:36,KKDA UP,15:50,UP,14
1293,740,MKPR,15:36,PVGW DN,15:49,DN,13
1074,717,KKDA UP,15:36,PVGW UP,16:42,UP,66
1270,715,PVGW DN,15:37,KKDA DN,16:39,DN,62
1090,710,SVVR,15:38,MUPR,15:44,UP,6
1113,722,MUPR,15:39,SVVR,15:45,DN,6
1143,707,KKDA DN,15:40,MUPR,15:56,DN,16
959,724,PVGW UP,15:41,MKPR,15:55,UP,14
1305,706,MKPR,15:41,PVGW DN,15:55,DN,14
1109,713,MUPR,15:42,KKDA UP,15:56,UP,14
1086,723,KKDA UP,15:43,PVGW UP,16:48,UP,65
1282,705,PVGW DN,15:43,KKDA DN,16:45,DN,62
1102,716,SVVR,15:44,MUPR,15:50,UP,6
1125,710,MUPR,15:45,SVVR,15:51,DN,6
971,714,PVGW UP,15:47,MKPR,16:01,UP,14
1155,731,KKDA DN,15:47,MUPR,16:02,DN,15
1317,726,MKPR,15:47,PVGW DN,16:01,DN,14
1121,728,MUPR,15:48,KKDA UP,16:02,UP,14
1294,740,PVGW DN,15:49,KKDA DN,16:51,DN,62
1098,703,KKDA UP,15:50,PVGW UP,16:52,UP,62
1114,722,SVVR,15:50,MUPR,15:57,UP,7
1137,716,MUPR,15:52,SVVR,15:58,DN,6
1329,742,MKPR,15:53,PVGW DN,16:07,DN,14
983,727,PVGW UP,15:53,MKPR,16:07,UP,14
1167,704,KKDA DN,15:53,MUPR,16:08,DN,15
1133,708,MUPR,15:54,KKDA UP,16:08,UP,14
1306,706,PVGW DN,15:55,KKDA DN,16:57,DN,62
1126,710,SVVR,15:55,MUPR,16:01,UP,6
1110,713,KKDA UP,15:56,PVGW UP,16:58,UP,62
1149,722,MUPR,15:58,SVVR,16:04,DN,6
1185,733,KKDA DN,15:59,MUPR,16:15,DN,16
1341,701,MKPR,15:59,PVGW DN,16:13,DN,14
1145,707,MUPR,15:59,KKDA UP,16:13,UP,14
995,719,PVGW UP,15:59,MKPR,16:13,UP,14
1138,716,SVVR,16:01,MUPR,16:07,UP,6
1318,726,PVGW DN,16:01,KKDA DN,17:03,DN,62
1122,728,KKDA UP,16:02,PVGW UP,17:04,UP,62
1161,710,MUPR,16:03,SVVR,16:09,DN,6
1157,731,MUPR,16:04,KKDA UP,16:18,UP,14
1400,743,MKPD,16:04,MKPR,16:24,DN,20
1353,724,MKPR,16:04,PVGW DN,16:18,DN,14
1197,702,KKDA DN,16:05,MUPR,16:21,DN,16
1007,729,PVGW UP,16:05,MKPR,16:20,UP,15
1330,742,PVGW DN,16:07,KKDA DN,17:09,DN,62
1150,722,SVVR,16:07,MUPR,16:13,UP,6
1134,708,KKDA UP,16:08,PVGW UP,17:10,UP,62
1173,716,MUPR,16:09,SVVR,16:15,DN,6
1365,714,MKPR,16:09,PVGW DN,16:23,DN,14
1169,704,MUPR,16:09,KKDA UP,16:24,UP,15
1019,730,PVGW UP,16:11,MKPR,16:26,UP,15
1209,736,KKDA DN,16:11,MUPR,16:27,DN,16
1162,710,SVVR,16:13,MUPR,16:19,UP,6
1176,744,VND,16:13,PVGW UP,17:28,UP,75
1146,707,KKDA UP,16:13,PVGW UP,17:15,UP,62
1342,701,PVGW DN,16:13,KKDA DN,17:15,DN,62
1179,722,MUPR,16:14,SVVR,16:20,DN,6
1377,727,MKPR,16:14,PVGW DN,16:28,DN,14
1187,733,MUPR,16:16,KKDA UP,16:30,UP,14
1221,712,KKDA DN,16:17,MUPR,16:33,DN,16
1027,720,PVGW UP,16:18,MKPR,16:32,UP,14
1354,724,PVGW DN,16:18,KKDA DN,17:20,DN,62
1229,737,KKDA DN,16:18,MUPR,16:33,DN,15
1158,731,KKDA UP,16:18,PVGW UP,17:20,UP,62
1174,716,SVVR,16:18,MUPR,16:24,UP,6
1389,719,MKPR,16:19,PVGW DN,16:33,DN,14
1191,710,MUPR,16:20,SVVR,16:26,DN,6
1199,702,MUPR,16:22,KKDA UP,16:36,UP,14
1366,714,PVGW DN,16:23,KKDA DN,17:25,DN,62
1039,734,PVGW UP,16:24,MKPR,16:38,UP,14
1401,743,MKPR,16:24,PVGW DN,16:38,DN,14
1170,704,KKDA UP,16:24,PVGW UP,17:26,UP,62
1180,722,SVVR,16:24,MUPR,16:30,UP,6
1241,718,KKDA DN,16:25,MUPR,16:40,DN,15
1203,716,MUPR,16:25,SVVR,16:31,DN,6
1211,736,MUPR,16:28,KKDA UP,16:42,UP,14
1378,727,PVGW DN,16:28,KKDA DN,17:30,DN,62
1192,710,SVVR,16:29,MUPR,16:35,UP,6
1412,729,MKPR,16:29,PVGW DN,16:43,DN,14
1051,721,PVGW UP,16:30,MKPR,16:44,UP,14
1188,733,KKDA UP,16:30,PVGW UP,17:32,UP,62
1215,722,MUPR,16:31,SVVR,16:37,DN,6
1253,738,KKDA DN,16:32,MUPR,16:47,DN,15
1390,719,PVGW DN,16:33,KKDA DN,17:35,DN,62
1467,745,MKPD,16:34,MKPR,16:54,DN,20
1420,730,MKPR,16:34,PVGW DN,16:48,DN,14
1223,712,MUPR,16:34,KKDA UP,16:48,UP,14
1204,716,SVVR,16:35,MUPR,16:41,UP,6
1235,710,MUPR,16:36,SVVR,16:42,DN,6
1063,735,PVGW UP,16:36,MKPR,16:50,UP,14
1200,702,KKDA UP,16:36,PVGW UP,17:38,UP,62
1402,743,PVGW DN,16:38,KKDA DN,17:40,DN,62
1271,715,KKDA DN,16:39,MUPR,16:54,DN,15
1432,720,MKPR,16:39,PVGW DN,16:53,DN,14
1231,737,MUPR,16:39,KKDA UP,16:53,UP,14
1216,722,SVVR,16:40,MUPR,16:46,UP,6
1212,736,KKDA UP,16:42,PVGW UP,17:44,UP,62
1247,716,MUPR,16:42,SVVR,16:48,DN,6
1075,717,PVGW UP,16:42,MKPR,16:57,UP,15
1413,729,PVGW DN,16:43,KKDA DN,17:45,DN,62
1444,734,MKPR,16:44,PVGW DN,16:58,DN,14
1243,718,MUPR,16:44,KKDA UP,16:58,UP,14
1283,705,KKDA DN,16:45,MUPR,17:00,DN,15
1236,710,SVVR,16:46,MUPR,16:52,UP,6
1261,722,MUPR,16:47,SVVR,16:53,DN,6
1087,723,PVGW UP,16:48,MKPR,17:03,UP,15
1421,730,PVGW DN,16:48,KKDA DN,17:50,DN,62
1224,712,KKDA UP,16:48,PVGW UP,17:50,UP,62
1255,738,MUPR,16:49,KKDA UP,17:03,UP,14
1456,721,MKPR,16:49,PVGW DN,17:03,DN,14
1295,740,KKDA DN,16:51,MUPR,17:06,DN,15
1248,716,SVVR,16:51,MUPR,16:57,UP,6
1099,703,PVGW UP,16:52,MKPR,17:05,UP,13
1232,737,KKDA UP,16:53,PVGW UP,17:55,UP,62
1258,746,VND,16:53,PVGW UP,18:08,UP,75
1265,710,MUPR,16:53,SVVR,16:59,DN,6
1433,720,PVGW DN,16:53,KKDA DN,17:55,DN,62
1468,745,MKPR,16:54,PVGW DN,17:08,DN,14
1273,715,MUPR,16:56,KKDA UP,17:10,UP,14
1262,722,SVVR,16:57,MUPR,17:03,UP,6
1307,706,KKDA DN,16:57,MUPR,17:11,DN,14
1111,713,PVGW UP,16:58,MKPR,17:11,UP,13
1277,716,MUPR,16:58,SVVR,17:04,DN,6
1244,718,KKDA UP,16:58,PVGW UP,18:00,UP,62
1445,734,PVGW DN,16:58,KKDA DN,18:00,DN,62
1479,735,MKPR,16:59,PVGW DN,17:13,DN,14
1266,710,SVVR,17:02,MUPR,17:08,UP,6
1319,726,KKDA DN,17:03,MUPR,17:17,DN,14
1457,721,PVGW DN,17:03,KKDA DN,18:05,DN,62
1256,738,KKDA UP,17:03,PVGW UP,18:05,UP,62
1285,705,MUPR,17:03,KKDA UP,17:17,UP,14
1491,717,MKPR,17:04,PVGW DN,17:18,DN,14
1123,728,PVGW UP,17:04,MKPR,17:17,UP,13
1289,722,MUPR,17:04,SVVR,17:10,DN,6
1469,745,PVGW DN,17:08,KKDA DN,18:10,DN,62
1278,716,SVVR,17:08,MUPR,17:14,UP,6
1503,723,MKPR,17:09,PVGW DN,17:23,DN,14
1301,710,MUPR,17:09,SVVR,17:15,DN,6
1331,742,KKDA DN,17:09,MUPR,17:23,DN,14
1274,715,KKDA UP,17:10,PVGW UP,18:12,UP,62
1135,708,PVGW UP,17:10,MKPR,17:23,UP,13
1297,740,MUPR,17:10,KKDA UP,17:24,UP,14
1480,735,PVGW DN,17:13,KKDA DN,18:15,DN,62
1290,722,SVVR,17:13,MUPR,17:19,UP,6
1515,703,MKPR,17:14,PVGW DN,17:28,DN,14
1147,707,PVGW UP,17:15,MKPR,17:28,UP,13
1343,701,KKDA DN,17:15,MUPR,17:29,DN,14
1313,716,MUPR,17:15,SVVR,17:21,DN,6
1309,706,MUPR,17:15,KKDA UP,17:29,UP,14
1286,705,KKDA UP,17:17,PVGW UP,18:19,UP,62
1492,717,PVGW DN,17:18,KKDA DN,18:20,DN,62
1527,713,MKPR,17:19,PVGW DN,17:33,DN,14
1302,710,SVVR,17:19,MUPR,17:25,UP,6
1159,731,PVGW UP,17:20,MKPR,17:33,UP,13
1325,722,MUPR,17:20,SVVR,17:26,DN,6
1355,724,KKDA DN,17:20,MUPR,17:34,DN,14
1321,726,MUPR,17:20,KKDA UP,17:34,UP,14
1504,723,PVGW DN,17:23,KKDA DN,18:25,DN,62
1314,716,SVVR,17:24,MUPR,17:30,UP,6
1298,740,KKDA UP,17:24,PVGW UP,18:26,UP,62
1539,728,MKPR,17:24,PVGW DN,17:38,DN,14
1333,742,MUPR,17:25,KKDA UP,17:39,UP,14
1367,714,KKDA DN,17:25,MUPR,17:39,DN,14
1337,710,MUPR,17:26,SVVR,17:32,DN,6
1171,704,PVGW UP,17:26,MKPR,17:39,UP,13
1516,703,PVGW DN,17:28,KKDA DN,18:30,DN,62
1177,744,PVGW UP,17:28,MKPR,17:42,UP,14
1310,706,KKDA UP,17:29,PVGW UP,18:31,UP,62
1547,708,MKPR,17:29,PVGW DN,17:43,DN,14
1345,701,MUPR,17:30,KKDA UP,17:44,UP,14
1379,727,KKDA DN,17:30,MUPR,17:44,DN,14
1326,722,SVVR,17:30,MUPR,17:36,UP,6
1349,716,MUPR,17:31,SVVR,17:37,DN,6
1189,733,PVGW UP,17:32,MKPR,17:45,UP,13
1528,713,PVGW DN,17:33,KKDA DN,18:35,DN,62
1322,726,KKDA UP,17:34,PVGW UP,18:36,UP,62
1559,707,MKPR,17:34,PVGW DN,17:48,DN,14
1357,724,MUPR,17:35,KKDA UP,17:49,UP,14
1338,710,SVVR,17:35,MUPR,17:41,UP,6
1391,719,KKDA DN,17:35,MUPR,17:49,DN,14
1361,722,MUPR,17:37,SVVR,17:43,DN,6
1201,702,PVGW UP,17:38,MKPR,17:51,UP,13
1540,728,PVGW DN,17:38,KKDA DN,18:40,DN,62
1571,731,MKPR,17:39,PVGW DN,17:53,DN,14
1334,742,KKDA UP,17:39,PVGW UP,18:41,UP,62
1403,743,KKDA DN,17:40,MUPR,17:54,DN,14
1369,714,MUPR,17:40,KKDA UP,17:54,UP,14
1350,716,SVVR,17:41,MUPR,17:47,UP,6
1373,710,MUPR,17:42,SVVR,17:48,DN,6
1548,708,PVGW DN,17:43,KKDA DN,18:45,DN,62
1346,701,KKDA UP,17:44,PVGW UP,18:46,UP,62
1213,736,PVGW UP,17:44,MKPR,17:57,UP,13
1583,704,MKPR,17:44,PVGW DN,17:58,DN,14
1381,727,MUPR,17:45,KKDA UP,17:59,UP,14
1414,729,KKDA DN,17:45,MUPR,17:59,DN,14
1362,722,SVVR,17:46,MUPR,17:52,UP,6
1385,716,MUPR,17:48,SVVR,17:54,DN,6
1560,707,PVGW DN,17:48,KKDA DN,18:50,DN,62
1595,744,MKPR,17:49,PVGW DN,18:03,DN,14
1358,724,KKDA UP,17:49,PVGW UP,18:51,UP,62
1393,719,MUPR,17:50,KKDA UP,18:04,UP,14
1225,712,PVGW UP,17:50,MKPR,18:04,UP,14
1422,730,KKDA DN,17:50,MUPR,18:04,DN,14
1374,710,SVVR,17:52,MUPR,17:58,UP,6
1572,731,PVGW DN,17:53,KKDA DN,18:55,DN,62
1397,722,MUPR,17:53,SVVR,17:59,DN,6
1370,714,KKDA UP,17:54,PVGW UP,18:56,UP,62
1607,733,MKPR,17:54,PVGW DN,18:08,DN,14
1404,743,MUPR,17:55,KKDA UP,18:09,UP,14
1434,720,KKDA DN,17:55,MUPR,18:09,DN,14
1233,737,PVGW UP,17:55,MKPR,18:08,UP,13
1386,716,SVVR,17:57,MUPR,18:03,UP,6
1584,704,PVGW DN,17:58,KKDA DN,19:00,DN,62
1408,710,MUPR,17:59,SVVR,18:05,DN,6
1619,702,MKPR,17:59,PVGW DN,18:13,DN,14
1382,727,KKDA UP,17:59,PVGW UP,19:01,UP,62
1245,718,PVGW UP,18:00,MKPR,18:13,UP,13
1416,729,MUPR,18:00,KKDA UP,18:14,UP,14
1446,734,KKDA DN,18:00,MUPR,18:14,DN,14
1398,722,SVVR,18:03,MUPR,18:09,UP,6
1596,744,PVGW DN,18:03,KKDA DN,19:05,DN,62
1631,736,MKPR,18:04,PVGW DN,18:18,DN,14
1428,716,MUPR,18:04,SVVR,18:10,DN,6
1394,719,KKDA UP,18:04,PVGW UP,19:06,UP,62
1257,738,PVGW UP,18:05,MKPR,18:18,UP,13
1458,721,KKDA DN,18:05,MUPR,18:19,DN,14
1424,730,MUPR,18:05,KKDA UP,18:19,UP,14
1608,733,PVGW DN,18:08,KKDA DN,19:10,DN,62
1259,746,PVGW UP,18:08,MKPR,18:21,UP,13
1409,710,SVVR,18:08,MUPR,18:14,UP,6
1643,712,MKPR,18:09,PVGW DN,18:23,DN,14
1405,743,KKDA UP,18:09,PVGW UP,19:11,UP,62
1470,745,KKDA DN,18:10,MUPR,18:24,DN,14
1436,720,MUPR,18:10,KKDA UP,18:24,UP,14
1440,722,MUPR,18:10,SVVR,18:16,DN,6
1275,715,PVGW UP,18:12,MKPR,18:25,UP,13
1620,702,PVGW DN,18:13,KKDA DN,19:15,DN,62
1655,737,MKPR,18:14,PVGW DN,18:28,DN,14
1429,716,SVVR,18:14,MUPR,18:20,UP,6
1417,729,KKDA UP,18:14,PVGW UP,19:16,UP,62
1452,710,MUPR,18:15,SVVR,18:21,DN,6
1481,735,KKDA DN,18:15,MUPR,18:29,DN,14
1448,734,MUPR,18:15,KKDA UP,18:29,UP,14
1632,736,PVGW DN,18:18,KKDA DN,19:20,DN,62
1441,722,SVVR,18:19,MUPR,18:25,UP,6
1664,718,MKPR,18:19,PVGW DN,18:33,DN,14
1287,705,PVGW UP,18:19,MKPR,18:32,UP,13
1425,730,KKDA UP,18:19,PVGW UP,19:21,UP,62
1493,717,KKDA DN,18:20,MUPR,18:34,DN,14
1460,721,MUPR,18:20,KKDA UP,18:34,UP,14
1464,716,MUPR,18:21,SVVR,18:27,DN,6
1644,712,PVGW DN,18:23,KKDA DN,19:25,DN,62
1437,720,KKDA UP,18:24,PVGW UP,19:26,UP,62
1676,738,MKPR,18:24,PVGW DN,18:38,DN,14
1471,745,MUPR,18:25,KKDA UP,18:39,UP,14
1453,710,SVVR,18:25,MUPR,18:31,UP,6
1505,723,KKDA DN,18:25,MUPR,18:39,DN,14
1475,722,MUPR,18:26,SVVR,18:32,DN,6
1299,740,PVGW UP,18:26,MKPR,18:39,UP,13
1656,737,PVGW DN,18:28,KKDA DN,19:30,DN,62
1689,746,MKPR,18:29,PVGW DN,18:43,DN,14
1449,734,KKDA UP,18:29,PVGW UP,19:31,UP,62
1517,703,KKDA DN,18:30,MUPR,18:44,DN,14
1483,735,MUPR,18:30,KKDA UP,18:44,UP,14
1465,716,SVVR,18:30,MUPR,18:36,UP,6
1311,706,PVGW UP,18:31,MKPR,18:44,UP,13
1487,710,MUPR,18:32,SVVR,18:38,DN,6
1665,718,PVGW DN,18:33,KKDA DN,19:35,DN,62
1701,715,MKPR,18:34,PVGW DN,18:48,DN,14
1461,721,KKDA UP,18:34,PVGW UP,19:36,UP,62
1495,717,MUPR,18:35,KKDA UP,18:49,UP,14
1529,713,KKDA DN,18:35,MUPR,18:49,DN,14
1476,722,SVVR,18:36,MUPR,18:42,UP,6
1323,726,PVGW UP,18:36,MKPR,18:49,UP,13
1499,716,MUPR,18:37,SVVR,18:43,DN,6
1677,738,PVGW DN,18:38,KKDA DN,19:40,DN,62
1709,705,MKPR,18:39,PVGW DN,18:53,DN,14
1472,745,KKDA UP,18:39,PVGW UP,19:41,UP,62
1507,723,MUPR,18:40,KKDA UP,18:54,UP,14
1541,728,KKDA DN,18:40,MUPR,18:54,DN,14
1488,710,SVVR,18:41,MUPR,18:47,UP,6
1335,742,PVGW UP,18:41,MKPR,18:54,UP,13
1690,746,PVGW DN,18:43,KKDA DN,19:45,DN,62
1511,722,MUPR,18:43,SVVR,18:49,DN,6
1484,735,KKDA UP,18:44,PVGW UP,19:46,UP,62
1722,740,MKPR,18:44,PVGW DN,18:58,DN,14
1519,703,MUPR,18:45,KKDA UP,18:59,UP,14
1549,708,KKDA DN,18:45,MUPR,18:59,DN,14
1347,701,PVGW UP,18:46,MKPR,19:00,UP,14
1500,716,SVVR,18:47,MUPR,18:53,UP,6
1523,710,MUPR,18:48,SVVR,18:54,DN,6
1702,715,PVGW DN,18:48,KKDA DN,19:50,DN,62
1496,717,KKDA UP,18:49,PVGW UP,19:51,UP,62
1735,706,MKPR,18:49,PVGW DN,19:03,DN,14
1561,707,KKDA DN,18:50,MUPR,19:04,DN,14
1531,713,MUPR,18:50,KKDA UP,19:04,UP,14
1359,724,PVGW UP,18:51,MKPR,19:05,UP,14
1512,722,SVVR,18:52,MUPR,18:58,UP,6
1710,705,PVGW DN,18:53,KKDA DN,19:55,DN,62
1535,716,MUPR,18:54,SVVR,19:00,DN,6
1748,726,MKPR,18:54,PVGW DN,19:08,DN,14
1508,723,KKDA UP,18:54,PVGW UP,19:56,UP,62
1543,728,MUPR,18:55,KKDA UP,19:09,UP,14
1573,731,KKDA DN,18:55,MUPR,19:09,DN,14
1371,714,PVGW UP,18:56,MKPR,19:10,UP,14
1524,710,SVVR,18:58,MUPR,19:04,UP,6
1723,740,PVGW DN,18:58,KKDA DN,20:00,DN,62
1555,722,MUPR,18:59,SVVR,19:05,DN,6
1756,742,MKPR,18:59,PVGW DN,19:13,DN,14
1520,703,KKDA UP,18:59,PVGW UP,20:01,UP,62
1585,704,KKDA DN,19:00,MUPR,19:14,DN,14
1551,708,MUPR,19:00,KKDA UP,19:14,UP,14
1383,727,PVGW UP,19:01,MKPR,19:15,UP,14
1536,716,SVVR,19:03,MUPR,19:09,UP,6
1736,706,PVGW DN,19:03,KKDA DN,20:05,DN,62
1769,701,MKPR,19:04,PVGW DN,19:18,DN,14
1532,713,KKDA UP,19:04,PVGW UP,20:06,UP,62
1567,710,MUPR,19:05,SVVR,19:11,DN,6
1597,744,KKDA DN,19:05,MUPR,19:19,DN,14
1563,707,MUPR,19:05,KKDA UP,19:19,UP,14
1395,719,PVGW UP,19:06,MKPR,19:20,UP,14
1749,726,PVGW DN,19:08,KKDA DN,20:10,DN,62
1782,724,MKPR,19:09,PVGW DN,19:23,DN,14
1556,722,SVVR,19:09,MUPR,19:15,UP,6
1544,728,KKDA UP,19:09,PVGW UP,20:11,UP,62
1609,733,KKDA DN,19:10,MUPR,19:24,DN,14
1575,731,MUPR,19:10,KKDA UP,19:24,UP,14
1579,716,MUPR,19:10,SVVR,19:16,DN,6
1406,743,PVGW UP,19:11,MKPR,19:25,UP,14
1757,742,PVGW DN,19:13,KKDA DN,20:15,DN,62
1568,710,SVVR,19:14,MUPR,19:20,UP,6
1552,708,KKDA UP,19:14,PVGW UP,20:16,UP,62
1794,714,MKPR,19:14,PVGW DN,19:28,DN,14
1587,704,MUPR,19:15,KKDA UP,19:29,UP,14
1621,702,KKDA DN,19:15,MUPR,19:29,DN,14
1418,729,PVGW UP,19:16,MKPR,19:30,UP,14
1591,722,MUPR,19:16,SVVR,19:22,DN,6
1770,701,PVGW DN,19:18,KKDA DN,20:20,DN,62
1809,727,MKPR,19:19,PVGW DN,19:33,DN,14
1564,707,KKDA UP,19:19,PVGW UP,20:21,UP,62
1633,736,KKDA DN,19:20,MUPR,19:34,DN,14
1580,716,SVVR,19:20,MUPR,19:26,UP,6
1599,744,MUPR,19:20,KKDA UP,19:34,UP,14
1603,710,MUPR,19:21,SVVR,19:27,DN,6
1426,730,PVGW UP,19:21,MKPR,19:35,UP,14
1783,724,PVGW DN,19:23,KKDA DN,20:25,DN,62
1576,731,KKDA UP,19:24,PVGW UP,20:26,UP,62
1817,719,MKPR,19:24,PVGW DN,19:38,DN,14
1592,722,SVVR,19:25,MUPR,19:31,UP,6
1611,733,MUPR,19:25,KKDA UP,19:39,UP,14
1645,712,KKDA DN,19:25,MUPR,19:39,DN,14
1438,720,PVGW UP,19:26,MKPR,19:40,UP,14
1615,716,MUPR,19:27,SVVR,19:33,DN,6
1795,714,PVGW DN,19:28,KKDA DN,20:30,DN,62
1829,743,MKPR,19:29,PVGW DN,19:43,DN,14
1588,704,KKDA UP,19:29,PVGW UP,20:31,UP,62
1623,702,MUPR,19:30,KKDA UP,19:44,UP,14
1657,737,KKDA DN,19:30,MUPR,19:44,DN,14
1450,734,PVGW UP,19:31,MKPR,19:45,UP,14
1604,710,SVVR,19:31,MUPR,19:37,UP,6
1627,722,MUPR,19:32,SVVR,19:38,DN,6
1810,727,PVGW DN,19:33,KKDA DN,20:35,DN,62
1838,729,MKPR,19:34,PVGW DN,19:48,DN,14
1600,744,KKDA UP,19:34,PVGW UP,20:36,UP,62
1635,736,MUPR,19:35,KKDA UP,19:49,UP,14
1666,718,KKDA DN,19:35,MUPR,19:49,DN,14
1616,716,SVVR,19:36,MUPR,19:42,UP,6
1462,721,PVGW UP,19:36,MKPR,19:50,UP,14
1818,719,PVGW DN,19:38,KKDA DN,20:40,DN,62
1848,730,MKPR,19:39,PVGW DN,19:53,DN,14
1612,733,KKDA UP,19:39,PVGW UP,20:41,UP,62
1639,710,MUPR,19:39,SVVR,19:45,DN,6
1647,712,MUPR,19:40,KKDA UP,19:54,UP,14
1678,738,KKDA DN,19:40,MUPR,19:54,DN,14
1473,745,PVGW UP,19:41,MKPR,19:55,UP,14
1830,743,PVGW DN,19:43,KKDA DN,20:45,DN,62
1624,702,KKDA UP,19:44,PVGW UP,20:46,UP,62
1628,722,SVVR,19:44,MUPR,19:50,UP,6
1856,720,MKPR,19:44,PVGW DN,19:58,DN,14
1691,746,KKDA DN,19:45,MUPR,19:59,DN,14
1659,737,MUPR,19:45,KKDA UP,19:59,UP,14
1651,716,MUPR,19:45,SVVR,19:51,DN,6
1485,735,PVGW UP,19:46,MKPR,20:00,UP,14
1839,729,PVGW DN,19:48,KKDA DN,20:50,DN,62
1869,734,MKPR,19:49,PVGW DN,20:03,DN,14
1636,736,KKDA UP,19:49,PVGW UP,20:51,UP,62
1668,718,MUPR,19:50,KKDA UP,20:04,UP,14
1703,715,KKDA DN,19:50,MUPR,20:04,DN,14
1640,710,SVVR,19:50,MUPR,19:56,UP,6
1497,717,PVGW UP,19:51,MKPR,20:05,UP,14
1672,722,MUPR,19:51,SVVR,19:57,DN,6
1849,730,PVGW DN,19:53,KKDA DN,20:55,DN,62
1648,712,KKDA UP,19:54,PVGW UP,20:56,UP,62
1877,721,MKPR,19:54,PVGW DN,20:08,DN,14
1711,705,KKDA DN,19:55,MUPR,20:09,DN,14
1680,738,MUPR,19:55,KKDA UP,20:09,UP,14
1509,723,PVGW UP,19:56,MKPR,20:10,UP,14
1652,716,SVVR,19:57,MUPR,20:03,UP,6
1685,710,MUPR,19:58,SVVR,20:04,DN,6
1857,720,PVGW DN,19:58,KKDA DN,21:00,DN,62
1660,737,KKDA UP,19:59,PVGW UP,21:01,UP,62
1693,746,MUPR,20:00,KKDA UP,20:15,UP,15
1724,740,KKDA DN,20:00,MUPR,20:14,DN,14
1890,745,MKPR,20:01,PVGW DN,20:14,DN,13
1521,703,PVGW UP,20:01,MKPR,20:15,UP,14
1673,722,SVVR,20:03,MUPR,20:09,UP,6
1870,734,PVGW DN,20:03,KKDA DN,21:05,DN,62
1697,716,MUPR,20:04,SVVR,20:10,DN,6
1669,718,KKDA UP,20:04,PVGW UP,21:06,UP,62
1737,706,KKDA DN,20:05,MUPR,20:19,DN,14
1533,713,PVGW UP,20:06,MKPR,20:20,UP,14
1902,735,MKPR,20:07,PVGW DN,20:22,DN,15
1705,715,MUPR,20:08,KKDA UP,20:23,UP,15
1878,721,PVGW DN,20:08,KKDA DN,21:10,DN,62
1686,710,SVVR,20:09,MUPR,20:15,UP,6
1681,738,KKDA UP,20:09,PVGW UP,21:11,UP,62
1750,726,KKDA DN,20:10,MUPR,20:24,DN,14
1910,717,MKPR,20:10,PVGW DN,20:25,DN,15
1718,722,MUPR,20:10,SVVR,20:16,DN,6
1545,728,PVGW UP,20:11,MKPR,20:25,UP,14
1713,705,MUPR,20:13,KKDA UP,20:28,UP,15
1891,745,PVGW DN,20:14,KKDA DN,21:16,DN,62
1758,742,KKDA DN,20:15,MUPR,20:29,DN,14
1694,746,KKDA UP,20:15,PVGW UP,21:21,UP,66
1698,716,SVVR,20:16,MUPR,20:22,UP,6
1553,708,PVGW UP,20:16,MKPR,20:30,UP,14
1731,710,MUPR,20:17,SVVR,20:23,DN,6
1726,740,MUPR,20:17,KKDA UP,20:33,UP,16
1923,723,MKPR,20:18,PVGW DN,20:33,DN,15
1771,701,KKDA DN,20:20,MUPR,20:34,DN,14
1565,707,PVGW UP,20:21,MKPR,20:35,UP,14
1719,722,SVVR,20:22,MUPR,20:28,UP,6
1903,735,PVGW DN,20:22,IPE,21:22,DN,60
1739,706,MUPR,20:22,KKDA UP,20:38,UP,16
1706,715,KKDA UP,20:23,PVGW UP,21:29,UP,66
1744,716,MUPR,20:23,SVVR,20:29,DN,6
1911,717,PVGW DN,20:25,KKDA DN,21:32,DN,67
1784,724,KKDA DN,20:25,MUPR,20:39,DN,14
1936,703,MKPR,20:26,PVGW DN,20:41,DN,15
1577,731,PVGW UP,20:26,MKPR,20:40,UP,14
1752,726,MUPR,20:27,KKDA UP,20:43,UP,16
1714,705,KKDA UP,20:28,PVGW UP,21:34,UP,66
1732,710,SVVR,20:28,MUPR,20:34,UP,6
1765,722,MUPR,20:29,SVVR,20:35,DN,6
1940,713,MKPR,20:30,PVGW DN,20:45,DN,15
1796,714,KKDA DN,20:30,MUPR,20:44,DN,14
1589,704,PVGW UP,20:31,MKPR,20:45,UP,14
1760,742,MUPR,20:32,KKDA UP,20:48,UP,16
1924,723,PVGW DN,20:33,KKDA DN,21:40,DN,67
1727,740,KKDA UP,20:33,PVGW UP,21:38,UP,65
1811,727,KKDA DN,20:35,MUPR,20:49,DN,14
1948,728,MKPR,20:35,PVGW DN,20:50,DN,15
1745,716,SVVR,20:35,MUPR,20:41,UP,6
1601,744,PVGW UP,20:36,MKPR,20:50,UP,14
1778,710,MUPR,20:36,SVVR,20:42,DN,6
1773,701,MUPR,20:37,KKDA UP,20:53,UP,16
1963,708,MKPR,20:38,PVGW DN,20:53,DN,15
1740,706,KKDA UP,20:38,PVGW UP,21:43,UP,65
1819,719,KKDA DN,20:40,MUPR,20:54,DN,14
1937,703,PVGW DN,20:41,IPE,21:41,DN,60
1766,722,SVVR,20:41,MUPR,20:47,UP,6
1613,733,PVGW UP,20:41,MKPR,20:55,UP,14
1790,716,MUPR,20:42,SVVR,20:48,DN,6
1786,724,MUPR,20:42,KKDA UP,20:58,UP,16
1753,726,KKDA UP,20:43,PVGW UP,21:48,UP,65
1941,713,PVGW DN,20:45,KKDA DN,21:52,DN,67
1831,743,KKDA DN,20:45,MUPR,20:59,DN,14
1967,707,MKPR,20:45,PVGW DN,21:00,DN,15
1625,702,PVGW UP,20:46,MKPR,21:00,UP,14
1798,714,MUPR,20:47,KKDA UP,21:03,UP,16
1779,710,SVVR,20:47,MUPR,20:53,UP,6
1803,722,MUPR,20:48,SVVR,20:54,DN,6
1761,742,KKDA UP,20:48,PVGW UP,21:53,UP,65
1949,728,PVGW DN,20:50,KKDA DN,21:57,DN,67
1975,731,MKPR,20:50,PVGW DN,21:05,DN,15
1840,729,KKDA DN,20:50,MUPR,21:04,DN,14
1637,736,PVGW UP,20:51,MKPR,21:05,UP,14
1813,727,MUPR,20:52,KKDA UP,21:08,UP,16
1774,701,KKDA UP,20:53,PVGW UP,21:58,UP,65
1984,704,MKPR,20:53,PVGW DN,21:08,DN,15
1964,708,PVGW DN,20:53,IPE,21:53,DN,60
1791,716,SVVR,20:54,MUPR,21:00,UP,6
1825,710,MUPR,20:55,SVVR,21:01,DN,6
1850,730,KKDA DN,20:55,MUPR,21:09,DN,14
1649,712,PVGW UP,20:56,MKPR,21:10,UP,14
1988,744,MKPR,20:57,PVGW DN,21:12,DN,15
1821,719,MUPR,20:57,KKDA UP,21:13,UP,16
1787,724,KKDA UP,20:58,PVGW UP,22:03,UP,65
1968,707,PVGW DN,21:00,KKDA DN,22:07,DN,67
1858,720,KKDA DN,21:00,MUPR,21:14,DN,14
1804,722,SVVR,21:00,MUPR,21:06,UP,6
2003,733,MKPR,21:00,PVGW DN,21:15,DN,15
1661,737,PVGW UP,21:01,MKPR,21:15,UP,14
1833,743,MUPR,21:02,KKDA UP,21:18,UP,16
1799,714,KKDA UP,21:03,PVGW UP,22:08,UP,65
1842,729,MUPR,21:04,MUPR DN SDG,21:24,UP,20
1844,716,MUPR,21:05,SVVR,21:11,DN,6
1976,731,PVGW DN,21:05,KKDA DN,22:12,DN,67
1871,734,KKDA DN,21:05,MUPR,21:19,DN,14
1805,722,MUPR,21:06,KKDA UP,21:22,UP,16
1826,710,SVVR,21:06,MUPR,21:12,UP,6
1670,718,PVGW UP,21:06,MKPR,21:20,UP,14
1985,704,PVGW DN,21:08,IPE,22:08,DN,60
1814,727,KKDA UP,21:08,IPE,21:15,UP,7
2013,702,MKPR,21:10,PVGW DN,21:25,DN,15
1879,721,KKDA DN,21:10,MUPR,21:24,DN,14
1682,738,PVGW UP,21:11,MKPR,21:25,UP,14
1989,744,PVGW DN,21:12,KKDA DN,22:19,DN,67
1852,730,MUPR,21:12,KKDA UP,21:28,UP,16
1822,719,KKDA UP,21:13,PVGW UP,22:18,UP,65
2020,736,MKPR,21:15,PVGW DN,21:30,DN,15
1662,737,MKPR,21:15,MKPD ,21:35,UP,20
2004,733,PVGW DN,21:15,KKDA DN,22:22,DN,67
1865,710,MUPR,21:15,SVVR,21:21,DN,6
1815,727,IPE,21:15,VND,21:35,UP,20
1892,745,KKDA DN,21:16,MUPR,21:31,DN,15
1845,716,SVVR,21:16,MUPR,21:22,UP,6
1860,720,MUPR,21:17,KKDA UP,21:33,UP,16
1834,743,KKDA UP,21:18,PVGW UP,22:23,UP,65
2024,712,MKPR,21:20,PVGW DN,21:35,DN,15
1695,746,PVGW UP,21:21,MKPR,21:36,UP,15
1904,735,IPE,21:22,VND,21:42,UP,20
1806,722,KKDA UP,21:22,IPE,21:29,UP,7
1873,734,MUPR,21:22,KKDA UP,21:38,UP,16
1886,716,MUPR,21:25,SVVR,21:31,DN,6
2014,702,PVGW DN,21:25,KKDA DN,22:32,DN,67
1683,738,MKPR,21:25,MKPD ,21:45,UP,20
1866,710,SVVR,21:26,MUPR,21:32,UP,6
1881,721,MUPR,21:27,KKDA UP,21:43,UP,16
1853,730,KKDA UP,21:28,PVGW UP,22:33,UP,65
1807,722,IPE,21:29,VND,21:49,UP,20
1707,715,PVGW UP,21:29,MKPR,21:43,UP,14
2031,718,MKPR,21:30,PVGW DN,21:45,DN,15
2021,736,PVGW DN,21:30,DDSC,21:49,DN,19
1912,717,KKDA DN,21:32,MUPR,21:47,DN,15
1861,720,KKDA UP,21:33,PVGW UP,22:38,UP,65
1715,705,PVGW UP,21:34,MKPR,21:48,UP,14
1898,710,MUPR,21:35,SVVR,21:41,DN,6
2025,712,PVGW DN,21:35,KKDA DN,22:42,DN,67
1887,716,SVVR,21:36,MUPR,21:42,UP,6
1728,740,PVGW UP,21:38,SAKP,21:41,UP,3
1874,734,KKDA UP,21:38,PVGW UP,22:43,UP,65
1925,723,KKDA DN,21:40,MUPR,21:55,DN,15
1894,745,MUPR,21:40,KKDA UP,21:55,UP,15
1729,740,SAKP,21:41,SAKP 3RD,22:01,UP,20
1938,703,IPE,21:41,VND,22:01,UP,20
1741,706,PVGW UP,21:43,MKPR,21:58,UP,15
1882,721,KKDA UP,21:43,PVGW UP,22:48,UP,65
1906,716,MUPR,21:45,SVVR,21:51,DN,6
2038,746,MKPR,21:45,PVGW DN,22:00,DN,15
2032,718,PVGW DN,21:45,KKDA DN,22:52,DN,67
1899,710,SVVR,21:46,MUPR,21:52,UP,6
1716,705,MKPR,21:48,MKPD ,22:08,UP,20
1754,726,PVGW UP,21:48,MKPR,22:03,UP,15
2022,736,DDSC,21:49,DDSC SDG,22:09,UP,20
1942,713,KKDA DN,21:52,MUPR,22:07,DN,15
1762,742,PVGW UP,21:53,MKPR,22:08,UP,15
1965,708,IPE,21:53,VND,22:13,UP,20
1919,710,MUPR,21:55,SVVR,22:01,DN,6
1895,745,KKDA UP,21:55,PVGW UP,23:01,UP,66
1914,717,MUPR,21:55,KKDA UP,22:10,UP,15
1907,716,SVVR,21:56,MUPR,22:02,UP,6
1950,728,KKDA DN,21:57,MUPR,22:12,DN,15
1742,706,MKPR,21:58,MKPD ,22:18,UP,20
1775,701,PVGW UP,21:58,MKPR,22:13,UP,15
2046,715,MKPR,22:00,PVGW DN,22:15,DN,15
2039,746,PVGW DN,22:00,KKDA DN,23:07,DN,67
1788,724,PVGW UP,22:03,MKPR,22:18,UP,15
1932,716,MUPR,22:05,SVVR,22:11,DN,6
1927,723,MUPR,22:06,KKDA UP,22:21,UP,15
1920,710,SVVR,22:06,MUPR,22:12,UP,6
1969,707,KKDA DN,22:07,MUPR,22:22,DN,15
1986,704,IPE,22:08,VND,22:28,UP,20
1800,714,PVGW UP,22:08,MKPR,22:23,UP,15
1763,742,MKPR,22:08,MKPD ,22:28,UP,20
1915,717,KKDA UP,22:10,PVGW UP,23:16,UP,66
1944,713,MUPR,22:11,KKDA UP,22:26,UP,15
1977,731,KKDA DN,22:12,MUPR,22:27,DN,15
1776,701,MKPR,22:13,MKPD ,22:33,UP,20
1933,716,SVVR,22:15,MUPR,22:21,UP,6
2047,715,PVGW DN,22:15,KKDA DN,23:22,DN,67
2053,726,MKPR,22:15,PVGW DN,22:30,DN,15
1957,710,MUPR,22:15,SVVR,22:21,DN,6
1823,719,PVGW UP,22:18,MKPR,22:33,UP,15
1990,744,KKDA DN,22:19,MUPR,22:34,DN,15
1928,723,KKDA UP,22:21,PVGW UP,23:27,UP,66
1952,728,MUPR,22:21,KKDA UP,22:36,UP,15
2005,733,KKDA DN,22:22,MUPR,22:37,DN,15
1835,743,PVGW UP,22:23,MKPR,22:38,UP,15
1801,714,MKPR,22:23,MKPD ,22:43,UP,20
1971,707,MUPR,22:26,KKDA UP,22:41,UP,15
1945,713,KKDA UP,22:26,IPE,22:33,UP,7
1958,710,SVVR,22:30,MUPR,22:36,UP,6
1996,716,MUPR,22:30,SVVR,22:36,DN,6
2054,726,PVGW DN,22:30,KKDA DN,23:37,DN,67
2060,724,MKPR,22:30,PVGW DN,22:45,DN,15
2015,702,KKDA DN,22:32,MUPR,22:47,DN,15
1946,713,IPE,22:33,VND,22:53,UP,20
1854,730,PVGW UP,22:33,MKPR,22:48,UP,15
1979,731,MUPR,22:36,KKDA UP,22:52,UP,16
1953,728,KKDA UP,22:36,PVGW UP,23:42,UP,66
1959,710,MUPR,22:36,KKDA UP,22:51,UP,15
2006,733,MUPR,22:37,SVVR,22:44,DN,7
1992,744,MUPR,22:38,KKDA UP,22:53,UP,15
1862,720,PVGW UP,22:38,MKPR,22:53,UP,15
1836,743,MKPR,22:38,MKPD ,22:58,UP,20
1972,707,KKDA UP,22:41,IPE,22:48,UP,7
2026,712,KKDA DN,22:42,MUPR,22:57,DN,15
1875,734,PVGW UP,22:43,MKPR,22:58,UP,15
2068,719,MKPR,22:45,PVGW DN,23:00,DN,15
2061,724,PVGW DN,22:45,KKDA DN,23:52,DN,67
1997,716,SVVR,22:45,MUPR,22:51,UP,6
2016,702,MUPR,22:47,SVVR,22:54,DN,7
1973,707,IPE,22:48,VND,23:08,UP,20
1883,721,PVGW UP,22:48,MKPR,23:03,UP,15
1960,710,KKDA UP,22:51,IPE,22:59,UP,8
1998,716,MUPR,22:51,KKDA UP,23:07,UP,16
2033,718,KKDA DN,22:52,MUPR,23:07,DN,15
1980,731,KKDA UP,22:52,PVGW UP,23:58,UP,66
1993,744,KKDA UP,22:53,IPE,23:00,UP,7
1863,720,MKPR,22:53,MKPD ,23:13,UP,20
2027,712,MUPR,22:57,SVVR,23:04,DN,7
1961,710,IPE,22:59,VND,23:19,UP,20
2007,733,SVVR,23:00,MUPR,23:06,UP,6
1994,744,IPE,23:00,VND,23:20,UP,20
2069,719,PVGW DN,23:00,KKDA DN,24:07,DN,67
2076,730,MKPR,23:00,PVGW DN,23:15,DN,15
1896,745,PVGW UP,23:01,MKPR,23:15,UP,14
1884,721,MKPR,23:03,MKPD ,23:23,UP,20
2018,702,SVVR,23:05,VND,23:54,UP,49
2008,733,MUPR,23:06,KKDA UP,23:22,UP,16
2034,718,MUPR,23:07,SVVR,23:14,DN,7
2040,746,KKDA DN,23:07,MUPR,23:22,DN,15
1999,716,KKDA UP,23:07,PVGW UP,24:13,UP,66
2084,734,MKPR,23:10,MVPO DN,24:34,UP,84
2029,712,SVVR,23:10,VND,23:59,UP,49
2077,730,PVGW DN,23:15,KKDA DN,24:22,DN,67
1916,717,PVGW UP,23:16,MKPR,23:30,UP,14
2036,718,SVVR,23:20,IPE 3RD,24:09,UP,49
2048,715,KKDA DN,23:22,MUPR,23:37,DN,15
2087,745,MKPR,23:22,DDSC DN,24:16,UP,54
2009,733,KKDA UP,23:22,PVGW UP,24:28,UP,66
2041,746,MUPR,23:22,SVVR,23:29,DN,7
1929,723,PVGW UP,23:27,MKPR,23:41,UP,14
1917,717,MKPR,23:30,MKPD ,23:50,UP,20
2042,746,SVVR,23:35,MUPR,23:42,UP,7
2055,726,KKDA DN,23:37,MUPR,23:52,DN,15
2049,715,MUPR,23:37,SVVR,23:44,DN,7
1930,723,MKPR,23:41,MKPD ,24:01,UP,20
2044,746,MUPR,23:42,MUPR DN,24:02,UP,20
1954,728,PVGW UP,23:42,MKPR,23:56,UP,14
2051,715,SVVR,23:50,VND,24:39,UP,49
2056,726,MUPR,23:52,SVVR,23:59,DN,7
2062,724,KKDA DN,23:52,MUPR,24:07,DN,15
1955,728,MKPR,23:56,MKPD ,24:16,UP,20
1981,731,PVGW UP,23:58,MKPR,24:13,UP,15
2058,726,SVVR,24:05,VND,24:54,UP,49
2070,719,KKDA DN,24:07,MUPR,24:22,DN,15
2063,724,MUPR,24:07,SVVR,24:14,DN,7
2000,716,PVGW UP,24:13,MKPR,24:28,UP,15
1982,731,MKPR,24:13,MKPR DN,24:33,UP,20
2064,724,SVVR,24:20,MUPR,24:26,UP,6
2071,719,MUPR,24:22,SVVR,24:29,DN,7
2078,730,KKDA DN,24:22,MUPR,24:37,DN,15
2066,724,MUPR,24:26,MUPR 3RD SDG,24:46,UP,20
2001,716,MKPR,24:28,MKPD ,24:48,UP,20
2010,733,PVGW UP,24:28,MKPR,24:43,UP,15
2072,719,SVVR,24:35,MUPR,24:41,UP,6
2079,730,MUPR,24:37,SVVR,24:44,DN,7
2074,719,MUPR,24:41,MUPR 4TH,25:01,UP,20
2011,733,MKPR,24:43,MKPR UP,25:03,UP,20
2081,730,SVVR,24:46,SVVR DN ,24:46,UP,0
